Start,active_cals,distance,flights,steps,month,weekday,dayofyear,stepgoal
2018-11-28,57.78656826,0.929998972,0,1884.621281,Nov,Wed,332,0
2018-11-29,509.1524317,4.640739086,18,8952.978943,Nov,Thu,333,0
2018-11-30,598.692,6.053471511,12,11665,Nov,Fri,334,1
2018-12-01,660.8560478,6.796771258,6,12117,Dec,Sat,335,1
2018-12-02,526.9169522,4.611580808,1,8924.766717,Dec,Sun,336,0
2018-12-03,549.555,3.961053787,2,7205,Dec,Mon,337,0
2018-12-04,669.604,6.597521653,5,12483.39723,Dec,Tue,338,1
2018-12-05,557.1042267,4.909418579,6,9257.9357,Dec,Wed,339,0
2018-12-06,997.1375975,7.504792709,13,14208,Dec,Thu,340,1
2018-12-07,532.6291758,4.274131206,8,8269.46084,Dec,Fri,341,0
2018-12-08,775.4614921,6.457724209,0,8834.269279,Dec,Sat,342,0
2018-12-09,340.8510088,2.806838623,0,5265,Dec,Sun,343,0
2018-12-10,982.4457769,8.808678727,8,13170,Dec,Mon,344,1
2018-12-11,499.820923,4.026818045,8,7567,Dec,Tue,345,0
2018-12-12,555.9943778,4.977676188,3,9247,Dec,Wed,346,0
2018-12-13,392.8344214,3.47045462,0,6331,Dec,Thu,347,0
2018-12-14,448.0897156,2.885332833,5,5388.893036,Dec,Fri,348,0
2018-12-15,1090.938542,11.20563375,27,21223.71518,Dec,Sat,349,1
2018-12-16,1029.00611,8.843438546,79,16376,Dec,Sun,350,1
2018-12-17,363.7849384,2.498693087,7,4820,Dec,Mon,351,0
2018-12-18,324.7936941,1.907144426,8,3662,Dec,Tue,352,0
2018-12-19,796.274,6.83834099,4,9592,Dec,Wed,353,0
2018-12-20,318.853,1.589470242,7,3023,Dec,Thu,354,0
2018-12-21,407.5001665,3.128806578,5,5381,Dec,Fri,355,0
2018-12-22,435.1952819,2.232078713,8,4203.768465,Dec,Sat,356,0
2018-12-23,353.4515516,2.40012023,8,4286,Dec,Sun,357,0
2018-12-24,382.4865037,2.333732688,2,4182,Dec,Mon,358,0
2018-12-25,447.7854963,3.1705803870000002,13,6054,Dec,Tue,359,0
2018-12-26,311.253609,1.7301747,5,3175,Dec,Wed,360,0
2018-12-27,517.329391,5.117346955,10,9585.115923,Dec,Thu,361,0
2018-12-28,258.542,1.00183717,9,1866,Dec,Fri,362,0
2018-12-29,537.8130016,3.48722705,6,6570.423599,Dec,Sat,363,0
2018-12-30,316.5359984,1.213602815,4,2284.960354,Dec,Sun,364,0
2018-12-31,716.655255,6.26427953,7,11588.27157,Dec,Mon,365,1
2019-01-01,236.447745,0.802238724,4,1552.72843,Jan,Tue,1,0
2019-01-02,356.548,3.067922819,6,5984,Jan,Wed,2,0
2019-01-03,429.3385569,4.010534823,11,7658,Jan,Thu,3,0
2019-01-04,1065.548443,9.678730857,0,14442,Jan,Fri,4,1
2019-01-05,441.870475,3.529448601,5,6127,Jan,Sat,5,0
2019-01-06,1021.671525,9.048971112,1,13054.57504,Jan,Sun,6,1
2019-01-07,556.9627248,5.222291203,10,9181.422543,Jan,Mon,7,0
2019-01-08,711.7829278,5.899919749,12,10194.57746,Jan,Tue,8,1
2019-01-09,959.9137114,7.64508922,11,12984,Jan,Wed,9,1
2019-01-10,654.696297,5.929639504,10,10278,Jan,Thu,10,1
2019-01-11,897.7463391,6.548119634,7,11284,Jan,Fri,11,1
2019-01-12,290.224,1.300807969,0,2366,Jan,Sat,12,0
2019-01-13,779.7412712,7.36385592,3,10024.1262,Jan,Sun,13,1
2019-01-14,1075.80745,10.2270205,12,14775,Jan,Mon,14,1
2019-01-15,518.6533144,4.633915441,10,8038,Jan,Tue,15,0
2019-01-16,502.9789645,4.327518274,14,7492.364837,Jan,Wed,16,0
2019-01-17,624.9802803,5.863705299,8,10178,Jan,Thu,17,1
2019-01-18,648.7767197,6.14097611,0,10424,Jan,Fri,18,1
2019-01-19,479.168523,3.261180137,6,5704.254223,Jan,Sat,19,0
2019-01-20,440.824477,3.864047742,7,6736,Jan,Sun,20,0
2019-01-21,344.9486789,2.298807846,0,4163,Jan,Mon,21,0
2019-01-22,708.9418283,7.107041295,19,12250,Jan,Tue,22,1
2019-01-23,975.9882322,9.027632346,16,13011,Jan,Wed,23,1
2019-01-24,568.4835565,5.233166712,8,8907,Jan,Thu,24,0
2019-01-25,674.5715442,6.845019474,10,11562,Jan,Fri,25,1
2019-01-26,517.5585671,5.066131123,1,8679.599622,Jan,Sat,26,0
2019-01-27,738.0165928,7.643459222,11,12989,Jan,Sun,27,1
2019-01-28,550.721,4.62870027,11,7743,Jan,Mon,28,0
2019-01-29,613.4008,5.692892244,8,9829,Jan,Tue,29,0
2019-01-30,939.0022,8.80066519,9,12532,Jan,Wed,30,1
2019-01-31,543.91,4.978398533,14,8652,Jan,Thu,31,0
2019-02-01,1053.777621,9.999569057,10,14853.89751,Feb,Fri,32,1
2019-02-02,519.9175165,5.007139151,0,8308.449266,Feb,Sat,33,0
2019-02-03,540.7057546,5.030318052,1,8694,Feb,Sun,34,0
2019-02-04,1034.887641,9.728219023,6,14302,Feb,Mon,35,1
2019-02-05,443.5844667,3.788645942,13,6643,Feb,Tue,36,0
2019-02-06,1063.20573,9.911714649,10,14720,Feb,Wed,37,1
2019-02-07,667.8142704,5.847174104,16,10172,Feb,Thu,38,1
2019-02-08,387.054546,3.451791402,5,6136,Feb,Fri,39,0
2019-02-09,388.2544427,3.300926294,3,5844,Feb,Sat,40,0
2019-02-10,1392.315133,12.80778895,5,20699.7565,Feb,Sun,41,1
2019-02-11,532.5844814,4.497968873,9,7960,Feb,Mon,42,0
2019-02-12,499.282397,4.653068976,7,8151,Feb,Tue,43,0
2019-02-13,475.0213616,3.843911897,11,6678,Feb,Wed,44,0
2019-02-14,529.2462475,5.304480721,13,9384,Feb,Thu,45,0
2019-02-15,420.9477071,3.254037215,3,5816,Feb,Fri,46,0
2019-02-16,312.2645954,3.067633676,2,5534,Feb,Sat,47,0
2019-02-17,474.3370883,4.334933697,2,7698,Feb,Sun,48,0
2019-02-18,506.5721638,4.483355673,7,8039.397447,Feb,Mon,49,0
2019-02-19,508.8255938,4.657000025,6,8402.602553,Feb,Tue,50,0
2019-02-20,458.7604443,3.792507007,3,6770,Feb,Wed,51,0
2019-02-21,1042.882766,10.52190247,4,18600.12249,Feb,Thu,52,1
2019-02-22,698.3755171,7.058400542,13,12515.87579,Feb,Fri,53,1
2019-02-23,1113.214778,9.210200453,95,16294.99617,Feb,Sat,54,1
2019-02-24,763.6868954,8.836821816,7,14972.68221,Feb,Sun,55,1
2019-02-25,506.9943011,4.589964809,1,8172.507577,Feb,Mon,56,0
2019-02-26,817.5784524,8.24874519,8,14301,Feb,Tue,57,1
2019-02-27,367.4527149,3.594453347,5,6530,Feb,Wed,58,0
2019-02-28,520.030373,5.019264733,12,8781,Feb,Thu,59,0
2019-03-01,562.4988537,5.829390078,5,10349,Mar,Fri,60,1
2019-03-02,908.4911463,8.784913385,0,12652,Mar,Sat,61,1
2019-03-03,1074.05612,10.07752866,2,14928,Mar,Sun,62,1
2019-03-04,587.1678799,5.678805647,10,10113,Mar,Mon,63,1
2019-03-05,805.917,8.509315451,9,14565,Mar,Tue,64,1
2019-03-06,434.2797041,3.615194425,8,6405,Mar,Wed,65,0
2019-03-07,778.5662959,8.320973803,14,14512,Mar,Thu,66,1
2019-03-08,376.295,3.622333428,8,6485,Mar,Fri,67,0
2019-03-09,416.1061943,3.77380342,1,6484,Mar,Sat,68,0
2019-03-10,605.7916448,5.821376041,1,9763.5085,Mar,Sun,69,0
2019-03-11,544.9665305,4.791958539,9,8522.413945,Mar,Mon,70,0
2019-03-12,688.0258008,7.096710103,9,12416.46363,Mar,Tue,71,1
2019-03-13,597.9287111,6.73038021,11,11573,Mar,Wed,72,1
2019-03-14,654.6591185,6.612115173,8,11575,Mar,Thu,73,1
2019-03-15,513.378,4.566621036,17,7731,Mar,Fri,74,0
2019-03-16,411.884,3.621298649,3,6240,Mar,Sat,75,0
2019-03-17,381.15,4.95030747,7,8746,Mar,Sun,76,0
2019-03-18,650.4406525,6.13444743,8,10632.96298,Mar,Mon,77,1
2019-03-19,599.2802804,5.177303097,7,9127,Mar,Tue,78,0
2019-03-20,676.459185,6.973927862,9.177213116,12197,Mar,Wed,79,1
2019-03-21,591.530908,5.356933597,4.822786884,9413,Mar,Thu,80,0
2019-03-22,990.7770002,9.749616477,9,14417,Mar,Fri,81,1
2019-03-23,445.3179739,3.920466136,1,7008.097066,Mar,Sat,82,0
2019-03-24,326.569,2.318481194,3,3961,Mar,Sun,83,0
2019-03-25,437.541,3.469864878,5,6037,Mar,Mon,84,0
2019-03-26,703.5829672,5.163275704,39,8968,Mar,Tue,85,0
2019-03-27,667.9920328,5.087717217,4,9298,Mar,Wed,86,0
2019-03-28,539.2618815,4.045693988,30,7057.539368,Mar,Thu,87,0
2019-03-29,484.5367592,4.819847386,2,8441,Mar,Fri,88,0
2019-03-30,706.9252764,7.796858574,1,12911.10941,Mar,Sat,89,1
2019-03-31,804.5402896,9.715419978,4,16450.86011,Mar,Sun,90,1
2019-04-01,537.8747933,5.909967522,17,10574,Apr,Mon,91,1
2019-04-02,364.585,3.73792496,11,6717,Apr,Tue,92,0
2019-04-03,1037.132618,9.459706985,11,15871,Apr,Wed,93,1
2019-04-04,548.606777,5.505904284,8,9623,Apr,Thu,94,0
2019-04-05,708.6604372,7.05318668,11,12230,Apr,Fri,95,1
2019-04-06,481.1071312,5.44810229,1,9072.921758,Apr,Sat,96,0
2019-04-07,555.5778113,5.53864112,5,9425.053098,Apr,Sun,97,0
2019-04-08,590.7662258,5.819041328,14,10195,Apr,Mon,98,1
2019-04-09,702.63,6.834124495,10,11822,Apr,Tue,99,1
2019-04-10,1017.296046,7.085799039,9,11993.42174,Apr,Wed,100,1
2019-04-11,576.4949535,5.836463342,17,10133,Apr,Thu,101,1
2019-04-12,560.3236405,5.494382271,12,9820,Apr,Fri,102,0
2019-04-13,1518.923359,6.220435306,2,10437,Apr,Sat,103,1
2019-04-14,1766.907,17.91206094,1,25578,Apr,Sun,104,1
2019-04-15,439.7450728,4.513035042,15,7865.635863,Apr,Mon,105,0
2019-04-16,653.6808711,6.117653666,17,10909,Apr,Tue,106,1
2019-04-17,635.4076279,5.782566897,17,10118.0946,Apr,Wed,107,1
2019-04-18,604.9132376,5.825290391,13,9986,Apr,Thu,108,0
2019-04-19,577.8587483,6.52141723,14,11162.43163,Apr,Fri,109,1
2019-04-20,342.5746614,3.261717279,1,5724,Apr,Sat,110,0
2019-04-21,621.856781,6.831111001,4,12049.07721,Apr,Sun,111,1
2019-04-22,599.1667554,6.81349876,15,11709,Apr,Mon,112,1
2019-04-23,826.6282446,8.505371817,13,14437,Apr,Tue,113,1
2019-04-24,941.892,11.28759863,9,19076.246760000002,Apr,Wed,114,1
2019-04-25,616.640531,5.269432345,17,9224,Apr,Thu,115,0
2019-04-26,728.0647654,8.602217358,14,14724.67455,Apr,Fri,116,1
2019-04-27,501.5017036,5.877169858,2,10373.80933,Apr,Sat,117,1
2019-04-28,451.842,4.403217758,8,7698,Apr,Sun,118,0
2019-04-29,762.021,7.900612117,12,13711,Apr,Mon,119,1
2019-04-30,684.8159913,7.9605862,11,13835,Apr,Tue,120,1
2019-05-01,994.2064404,11.64445204,9,19626,May,Wed,121,1
2019-05-02,791.7910759,9.627375708,9,16477.39356,May,Thu,122,1
2019-05-03,655.408354,7.41733077,11,13127.64365,May,Fri,123,1
2019-05-04,1027.924138,10.55013131,3,16178.6561,May,Sat,124,1
2019-05-05,542.1139499,5.888202516,1,10426.1627,May,Sun,125,1
2019-05-06,693.7290335,7.585108942,14,13406.60928,May,Mon,126,1
2019-05-07,709.4619914,7.442451921,14,12993.22802,May,Tue,127,1
2019-05-08,548.8260733,3.912995569,19,6855,May,Wed,128,0
2019-05-09,643.6582175,4.017239301,16,7094.267994,May,Thu,129,0
2019-05-10,532.0341405,5.896940164,21,10551,May,Fri,130,1
2019-05-11,569.5065939,5.976919415,11,10521.66086,May,Sat,131,1
2019-05-12,711.21,8.751830476,14,14913,May,Sun,132,1
2019-05-13,611.7643811,6.610228708,11,11477,May,Mon,133,1
2019-05-14,667.0516189,8.057615271,10,13635,May,Tue,134,1
2019-05-15,505.5075381,5.725643355,8,10005,May,Wed,135,1
2019-05-16,591.8795886,6.348564517,14,11099.08332,May,Thu,136,1
2019-05-17,735.1871995,5.757216028,13,9841.916685,May,Fri,137,0
2019-05-18,672.5878236,5.330269603,8,9354,May,Sat,138,0
2019-05-19,450.0328501,4.845442066,2,8239.237685,May,Sun,139,0
2019-05-20,343.5851299,3.911571299,19,7070,May,Mon,140,0
2019-05-21,388.2048701,3.811946366,13,6631.898956,May,Tue,141,0
2019-05-22,563.477,6.086104784,7,10296,May,Wed,142,1
2019-05-23,331.6097222,3.507117845,10,6243,May,Thu,143,0
2019-05-24,702.0412778,7.189055139,8,11534,May,Fri,144,1
2019-05-25,410.0799517,3.995640636,1,7056,May,Sat,145,0
2019-05-26,565.2830483,5.408836134,4,9409,May,Sun,146,0
2019-05-27,585.3437585,6.152776474,8,10684.76595,May,Mon,147,1
2019-05-28,639.2020767,5.983020833,7,10380.08947,May,Tue,148,1
2019-05-29,396.8271271,5.405621032,9,9603.840957,May,Wed,149,0
2019-05-30,395.3148775,4.534152825,5,7958.303618,May,Thu,150,0
2019-05-31,395.3148775,4.587190218,4,8146.229497,May,Fri,151,0
2019-06-01,395.3148775,6.008785845,2,10201.7705,Jun,Sat,152,1
2019-06-02,395.3148775,1.615405966,0,2938,Jun,Sun,153,0
2019-06-03,773.8398995,6.569837443,10,11422.9869,Jun,Mon,154,1
2019-06-04,685.3323959,7.658556272,15,13051.7903,Jun,Tue,155,1
2019-06-05,571.1512324,5.492283953,8,9290.222792,Jun,Wed,156,0
2019-06-06,423.9044579,4.125418229,10,7233.350332,Jun,Thu,157,0
2019-06-07,858.6485421,10.13975123,16,16644.64967,Jun,Fri,158,1
2019-06-08,240.5271031,1.559293712,0,2772.675784,Jun,Sat,159,0
2019-06-09,23.69489689,3.3927708070000002,0,7587,Jun,Sun,160,0
2019-06-10,331.2995906,5.445501508,11,10004.69929,Jun,Mon,161,1
2019-06-11,537.5214094,5.671562857,11,9979,Jun,Tue,162,0
2019-06-12,562.5901214,5.914335256,13,10976.60947,Jun,Wed,163,1
2019-06-13,511.5128786,5.224766802,3,9644,Jun,Thu,164,0
2019-06-14,393.5417053,3.476831317,5,6346.666924,Jun,Fri,165,0
2019-06-15,185.6332947,1.497717821,2,2606.44738,Jun,Sat,166,0
2019-06-16,0,0.001322964,6,2.780127186,Jun,Sun,167,0
2019-06-17,0,0.001322964,84,2.780127186,Jun,Mon,168,0
2019-06-18,0,0.001322964,53,2.780127186,Jun,Tue,169,0
2019-06-19,0,0.001322964,1,2.780127186,Jun,Wed,170,0
2019-06-20,387.0446996,3.284280061,8,5720.47793,Jun,Thu,171,0
2019-06-21,549.2540917,5.042636565,5,8856.972634,Jun,Fri,172,0
2019-06-22,673.4682087,6.988814788,1,11427.29299,Jun,Sat,173,1
2019-06-23,443.9673815,3.387229483,6,5981.809734,Jun,Sun,174,0
2019-06-24,473.0396185,3.696620253,5,6384.190266,Jun,Mon,175,0
2019-06-25,561.5208557,5.440550785,4,9368,Jun,Tue,176,0
2019-06-26,642.2781443,6.260385188,6,10926,Jun,Wed,177,1
2019-06-27,502.8503686,5.042511574,5,8913,Jun,Thu,178,0
2019-06-28,464.9757618,3.676638668,2,6473.236658,Jun,Fri,179,0
2019-06-29,549.4569841,4.437504925,8,7812.763342,Jun,Sat,180,0
2019-06-30,482.6504914,4.547116334,2,8193,Jun,Sun,181,0
2019-07-01,697.7161662,6.871384135,11,11876.23087,Jul,Mon,182,1
2019-07-02,789.4919093,8.185585572,8,13994.904630000001,Jul,Tue,183,1
2019-07-03,547.1783956,5.70132006,4,9935,Jul,Wed,184,0
2019-07-04,604.1855311,5.941953954,7,10336,Jul,Thu,185,1
2019-07-05,723.5856442,8.003832134,5,13539,Jul,Fri,186,1
2019-07-06,535.3883016,5.492938004,2,9551.422236,Jul,Sat,187,0
2019-07-07,871.1580436,9.948898782,4,16484.08249,Jul,Sun,188,1
2019-07-08,772.7414843,8.377527789,6,14828,Jul,Mon,189,1
2019-07-09,454.4262371,3.848266839,8,6739,Jul,Tue,190,0
2019-07-10,678.0079367,6.868829439,9,12108,Jul,Wed,191,1
2019-07-11,596.3306558,5.75766072,9,10104.36011,Jul,Thu,192,1
2019-07-12,584.1200888,5.820104452,5,9970,Jul,Fri,193,0
2019-07-13,650.8741799,6.022215379,17,10695.60981,Jul,Sat,194,1
2019-07-14,379.6998201,3.602063856,4,6126.358741,Jul,Sun,195,0
2019-07-15,0,0.011621806,10,18.88328871,Jul,Mon,196,0
2019-07-16,246.1609191,1.816064054,7,3196.148156,Jul,Tue,197,0
2019-07-17,606.2107247,5.420077366,8,9533,Jul,Wed,198,0
2019-07-18,489.731082,3.95130277,1,6935.425199,Jul,Thu,199,0
2019-07-19,681.7792742,6.562128039,8,11543.5748,Jul,Fri,200,1
2019-07-20,221.465,0.977137949,0,1753,Jul,Sat,201,0
2019-07-21,1745.828852,9.346718911,2,16111.76125,Jul,Sun,202,1
2019-07-22,626.5948024,6.399429364,8,11165.36634,Jul,Mon,203,1
2019-07-23,441.2963455,3.745492139,2,6717.224553,Jul,Tue,204,0
2019-07-24,676.6591386,6.821105569,11,12068.50686,Jul,Wed,205,1
2019-07-25,506.1458614,4.344030394,1,7640,Jul,Thu,206,0
2019-07-26,517.3372926,4.980838696,0,8829.238535,Jul,Fri,207,0
2019-07-27,550.1564647,5.380837187,2,9457.547684,Jul,Sat,208,0
2019-07-28,590.1797859,5.685226818,3,10056,Jul,Sun,209,1
2019-07-29,398.7029226,2.840731882,0,4968,Jul,Mon,210,0
2019-07-30,740.4235341,7.988276126,6,13861,Jul,Tue,211,1
2019-07-31,313.29,2.199365024,0,3793,Jul,Wed,212,0
2019-08-01,371.662,5.434845704,0,10453.25074,Aug,Thu,213,1
2019-08-02,773.1893477,6.231002344,1,10417.35128,Aug,Fri,214,1
2019-08-03,599.061646,4.398722032,2,7860,Aug,Sat,215,0
2019-08-04,353.4910063,1.644468408,1,3037,Aug,Sun,216,0
2019-08-05,608.9,7.178817737,10,9252,Aug,Mon,217,0
2019-08-06,433.599,3.551808801,9,6251,Aug,Tue,218,0
2019-08-07,445.548,3.689833078,9,6673.779944,Aug,Wed,219,0
2019-08-08,559.615,4.740156721,12,8436.543515,Aug,Thu,220,0
2019-08-09,412.345772,3.117266355,4,5521.498766,Aug,Fri,221,0
2019-08-10,528.258228,5.520818405,2,10076.14753,Aug,Sat,222,1
2019-08-11,1384.847616,15.79331955,173,29480.22292,Aug,Sun,223,1
2019-08-12,491.4403828,4.363082628,5,8117,Aug,Mon,224,0
2019-08-13,544.1930505,5.108320977,4,9467.487222,Aug,Tue,225,0
2019-08-14,463.2199503,4.192768996,2,7487.186477,Aug,Wed,226,0
2019-08-15,803.797,9.46924065,12,14867.16942,Aug,Thu,227,1
2019-08-16,528.166,4.312279779,4,7798,Aug,Fri,228,0
2019-08-17,366.598,2.895538195,0,5337,Aug,Sat,229,0
2019-08-18,678.484,5.426357597,0,8171,Aug,Sun,230,0
2019-08-19,482.547,4.003270523,5,7094,Aug,Mon,231,0
2019-08-20,387.915,2.904544534,0,5151,Aug,Tue,232,0
2019-08-21,1128.483,10.79315948,3,16650,Aug,Wed,233,1
2019-08-22,533.254,4.31826765,5,7577.689491,Aug,Thu,234,0
2019-08-23,436.822,3.095957064,6,5549,Aug,Fri,235,0
2019-08-24,402.654,3.0237021,0,5463,Aug,Sat,236,0
2019-08-25,795.142,8.653363304,5,15209,Aug,Sun,237,1
2019-08-26,607.343,5.774522951,1,10178,Aug,Mon,238,1
2019-08-27,624.711,6.225824392,3,11088,Aug,Tue,239,1
2019-08-28,597.176,4.618071344,3,8164,Aug,Wed,240,0
2019-08-29,513.911,4.6458465350000004,1,8178,Aug,Thu,241,0
2019-08-30,454.724,2.672069511,1,4887,Aug,Fri,242,0
2019-08-31,411.066,2.964774741,5,5358,Aug,Sat,243,0
2019-09-01,402.776,1.778460303,1,3226,Sep,Sun,244,0
2019-09-02,459.974,3.730384772,1,6718,Sep,Mon,245,0
2019-09-03,478.519,3.748711206,1,6529,Sep,Tue,246,0
2019-09-04,469.072,4.251750081,1,7516,Sep,Wed,247,0
2019-09-05,561.633,4.858604368,1,8362,Sep,Thu,248,0
2019-09-06,526.303,4.10439435,3,7086,Sep,Fri,249,0
2019-09-07,785.904,6.913533275,0,10133,Sep,Sat,250,1
2019-09-08,313.537,1.857811581,0,3272.172234,Sep,Sun,251,0
2019-09-09,593.118,5.492289178,5,9551,Sep,Mon,252,0
2019-09-10,497.586,4.293677539,1,7520,Sep,Tue,253,0
2019-09-11,916.565,8.630926379,1,13323.07584,Sep,Wed,254,1
2019-09-12,508.714,4.30691928,3,7444,Sep,Thu,255,0
2019-09-13,967.466,9.004095045,3,14397,Sep,Fri,256,1
2019-09-14,302.319,1.568299315,1,2855,Sep,Sat,257,0
2019-09-15,764.961,6.378243512,1,9740,Sep,Sun,258,0
2019-09-16,459.827,3.742390906,1,6616.05808,Sep,Mon,259,0
2019-09-17,488.591,3.715949323,1,6446,Sep,Tue,260,0
2019-09-18,959.591,9.106501562,1,14447,Sep,Wed,261,1
2019-09-19,525.632,3.822813837,1,6656,Sep,Thu,262,0
2019-09-20,922.049,8.697246157,1,13408,Sep,Fri,263,1
2019-09-21,811.361,8.910396498,36,16047,Sep,Sat,264,1
2019-09-22,553.713,5.628210499,0,9898,Sep,Sun,265,0
2019-09-23,488.969,4.007584308,2,7011,Sep,Mon,266,0
2019-09-24,677.222,6.953031607,4,12055,Sep,Tue,267,1
2019-09-25,585.351,5.607063446,1,9635,Sep,Wed,268,0
2019-09-26,477.838,4.147507106,2,7223,Sep,Thu,269,0
2019-09-27,978.403,9.013173785,3,14119,Sep,Fri,270,1
2019-09-28,186.802,0.760741585,0,1407,Sep,Sat,271,0
2019-09-29,828.19,7.758105881,1,11803.90546,Sep,Sun,272,1
2019-09-30,508.999,3.957572714,1,6882,Sep,Mon,273,0
2019-10-01,1057.387,9.712718797,1,15588,Oct,Tue,274,1
2019-10-02,470.76,3.9292445,1,6791,Oct,Wed,275,0
2019-10-03,526.106,4.440896791,2,7343,Oct,Thu,276,0
2019-10-04,936.497,8.933145339,1,13662,Oct,Fri,277,1
2019-10-05,484.569,4.220310977,2,7248,Oct,Sat,278,0
2019-10-06,494.041,4.678549619,1,8122.56446,Oct,Sun,279,0
2019-10-07,511.788,4.657273264,2,8053.844086,Oct,Mon,280,0
2019-10-08,502.806,4.567637193,1,7935,Oct,Tue,281,0
2019-10-09,959.151,9.294320515,1,14786,Oct,Wed,282,1
2019-10-10,416.544,3.410735931,1,5986,Oct,Thu,283,0
2019-10-11,563.745,5.844473953,1,10023,Oct,Fri,284,1
2019-10-12,260.015,1.466198986,0,2660,Oct,Sat,285,0
2019-10-13,864.871,7.90889638,1,11883,Oct,Sun,286,1
2019-10-14,535.865,4.715442858,1,8097,Oct,Mon,287,0
2019-10-15,1032.511,9.754269825,4,15336,Oct,Tue,288,1
2019-10-16,702.913,7.374072995,2,12435,Oct,Wed,289,1
2019-10-17,521.008,4.665587039,2,8266,Oct,Thu,290,0
2019-10-18,567.9340423,4.330259494,1,7625,Oct,Fri,291,0
2019-10-19,714.1999577,6.094828751,6,10849.84541,Oct,Sat,292,1
2019-10-20,336.875,1.494076007,1,2757,Oct,Sun,293,0
2019-10-21,478.387,4.306785349,1,7453,Oct,Mon,294,0
2019-10-22,1077.42,10.38522724,3,16154,Oct,Tue,295,1
2019-10-23,648.131,6.767406189,2,11429.81094,Oct,Wed,296,1
2019-10-24,938.494,9.252138868,1,14022,Oct,Thu,297,1
2019-10-25,575.267,5.6922987880000004,1,9476,Oct,Fri,298,0
2019-10-26,255.766,1.870742109,0,3496,Oct,Sat,299,0
2019-10-27,442.97,4.107710794,2,7079,Oct,Sun,300,0
2019-10-28,485.115,4.192944874,1,7264,Oct,Mon,301,0
2019-10-29,903.364,8.318283429,1,12569,Oct,Tue,302,1
2019-10-30,517.755,4.29513895,2,7511,Oct,Wed,303,0
2019-10-31,537.868,5.178699799,2,8787,Oct,Thu,304,0
2019-11-01,488.557,4.344673282,5,7402,Nov,Fri,305,0
2019-11-02,276.263,1.524270597,0,2819.95769,Nov,Sat,306,0
2019-11-03,783.365,6.462892712,1,9282,Nov,Sun,307,0
2019-11-04,476.989,4.041296823,1,6994,Nov,Mon,308,0
2019-11-05,916.649,8.498689708,0,12997,Nov,Tue,309,1
2019-11-06,657.347,6.48893049,3,11130,Nov,Wed,310,1
2019-11-07,578.844,5.823128467,3,9640,Nov,Thu,311,0
2019-11-08,551.549,4.857361488,2,8250,Nov,Fri,312,0
2019-11-09,303.965,2.057734762,0,3754,Nov,Sat,313,0
2019-11-10,399.777,3.058718424,1,5413,Nov,Sun,314,0
2019-11-11,586.681,5.71044064,2,9774,Nov,Mon,315,0
2019-11-12,487.008,4.597504051,3,7505,Nov,Tue,316,0
2019-11-13,588.223,5.089956079,3,8962,Nov,Wed,317,0
2019-11-14,635.646,6.74795329,3,10635,Nov,Thu,318,1
2019-11-15,534.645,5.448747194,1,8798,Nov,Fri,319,0
2019-11-16,321.372,2.214092824,0,3979,Nov,Sat,320,0
2019-11-17,434.838,3.330503011,1,5816,Nov,Sun,321,0
2019-11-18,517.495,4.314779555,3,7508,Nov,Mon,322,0
2019-11-19,968.496,8.477420377,2,13699,Nov,Tue,323,1
2019-11-20,617.497,5.360572941,2,9045.213353,Nov,Wed,324,0
2019-11-21,552.378,4.796991172,2,8178,Nov,Thu,325,0
2019-11-22,547.538,5.517025007,2,9550,Nov,Fri,326,0
2019-11-23,548.114,4.727155166,1,8408,Nov,Sat,327,0
2019-11-24,316.943,1.678023299,5,3004.578467,Nov,Sun,328,0
2019-11-25,301.361,1.946015635,11,3482,Nov,Mon,329,0
2019-11-26,533.555,5.271955884,11,9284,Nov,Tue,330,0
2019-11-27,0,1.896122903,6,3961,Nov,Wed,331,0
2019-11-28,0,8.736948122,65,16626,Nov,Thu,332,1
2019-11-29,0,4.502829959,9,8536,Nov,Fri,333,0
2019-11-30,0,0.703401803,4,1416,Nov,Sat,334,0
2019-12-01,0,2.03261843,1,3832,Dec,Sun,335,0
2019-12-02,0,4.371188115,2,8329,Dec,Mon,336,0
2019-12-03,0,1.969927357,5,3806,Dec,Tue,337,0
2019-12-04,0,4.099281715,2,7803,Dec,Wed,338,0
2019-12-05,0,4.006223299,3,7568,Dec,Thu,339,0
2019-12-06,39.086,3.58436048,2,6972,Dec,Fri,340,0
2019-12-07,259.425,1.648118598,0,2946,Dec,Sat,341,0
2019-12-08,364.026,2.077483286,2,3602.190171,Dec,Sun,342,0
2019-12-09,589.845,5.850112017,2,9706,Dec,Mon,343,0
2019-12-10,965.246,9.832274802,4,15713,Dec,Tue,344,1
2019-12-11,699.733,6.936121047,5,11571,Dec,Wed,345,1
2019-12-12,736.1950312,7.045604855,2,11709.2487,Dec,Thu,346,1
2019-12-13,696.4049688,7.161136065,2,11334,Dec,Fri,347,1
2019-12-14,131.331,0.435514065,0,790,Dec,Sat,348,0
2019-12-15,421.668,3.679657558,1,6464,Dec,Sun,349,0
2019-12-16,641.461,6.374461818,5,10492,Dec,Mon,350,1
2019-12-17,506.125,4.418999566,4,7424,Dec,Tue,351,0
2019-12-18,692.672,7.726109369,3.050616528,12729,Dec,Wed,352,1
2019-12-19,568.266,5.323227561,4,9130,Dec,Thu,353,0
2019-12-20,551.514,5.544773573,2,9291.414639,Dec,Fri,354,0
2019-12-21,296.487,2.151876567,2,3789,Dec,Sat,355,0
2019-12-22,337.708,2.331998433,2,4171.776817,Dec,Sun,356,0
2019-12-23,476.321,3.02574029,5,5421,Dec,Mon,357,0
2019-12-24,257.784,2.315906497,10,4114,Dec,Tue,358,0
2019-12-25,169.304,1.656703143,7,3061.381093,Dec,Wed,359,0
2019-12-26,566.348,4.765419032,5,8020,Dec,Thu,360,0
2019-12-27,471.07,3.971803156,5,6743,Dec,Fri,361,0
2019-12-28,228.011,1.291646339,6,2496,Dec,Sat,362,0
2019-12-29,296.957,1.751282331,5,3112,Dec,Sun,363,0
2019-12-30,674.46,6.729598231,6,10877,Dec,Mon,364,1
2019-12-31,360.624058,3.096084849,11,5485,Dec,Tue,365,0
2020-01-01,390.250942,2.43449567,6.307151267,4352,Jan,Wed,1,0
2020-01-02,890.227,8.006316334,4,12806,Jan,Thu,2,1
2020-01-03,784.906,7.24793998,2,12135,Jan,Fri,3,1
2020-01-04,271.801,1.737336849,0,3169,Jan,Sat,4,0
2020-01-05,457.729,3.472286137,1,5938,Jan,Sun,5,0
2020-01-06,897.285,8.218042037,2,12651,Jan,Mon,6,1
2020-01-07,576.699,5.24885567,2,9114,Jan,Tue,7,0
2020-01-08,833.135,5.169311255,2,9193,Jan,Wed,8,0
2020-01-09,464.621,4.184699861,3,6957,Jan,Thu,9,0
2020-01-10,703.831,6.684707578,4,11637,Jan,Fri,10,1
2020-01-11,219.003,1.479759627,0,2750,Jan,Sat,11,0
2020-01-12,284.043,1.808917568,1,3190,Jan,Sun,12,0
2020-01-13,1001.35,9.705100152,2,15780,Jan,Mon,13,1
2020-01-14,369.343,2.539073651,3,4498,Jan,Tue,14,0
2020-01-15,555.763,5.359094363,1,9194.93979,Jan,Wed,15,0
2020-01-16,601.287,6.149934364,2,10447,Jan,Thu,16,1
2020-01-17,413.622,3.35390648,2,5891,Jan,Fri,17,0
2020-01-18,270.578,1.661266917,0,3089,Jan,Sat,18,0
2020-01-19,859.576,8.23187895,1,13287,Jan,Sun,19,1
2020-01-20,422.526,3.362245697,3,5923,Jan,Mon,20,0
2020-01-21,833.45,7.575066975,1,12289,Jan,Tue,21,1
2020-01-22,478.223,4.54653323,4,7837,Jan,Wed,22,0
2020-01-23,534.464,4.689245007,2,7819,Jan,Thu,23,0
2020-01-24,962.552,9.53900889,1,15401,Jan,Fri,24,1
2020-01-25,335.021,2.98926441,2,5432,Jan,Sat,25,0
2020-01-26,279.724,0.910365499,0,1691,Jan,Sun,26,0
2020-01-27,557.683,4.937734892,1,8355,Jan,Mon,27,0
2020-01-28,887.083,8.035920764,2,13251,Jan,Tue,28,1
2020-01-29,646.914,7.100285877,2,11859.51159,Jan,Wed,29,1
2020-01-30,832.064,7.185073537,8,11576,Jan,Thu,30,1
2020-01-31,504.701,4.646583009,3,8033,Jan,Fri,31,0
2020-02-01,228.776,1.218916761,0,2277,Feb,Sat,32,0
2020-02-02,339.235,1.795562917,0,3303,Feb,Sun,33,0
2020-02-03,977.657,9.385496937,3,15550,Feb,Mon,34,1
2020-02-04,372.25,2.525762424,1,4509,Feb,Tue,35,0
2020-02-05,836.225,4.423895106,4,7596,Feb,Wed,36,0
2020-02-06,581.904,5.449501921,5,9298,Feb,Thu,37,0
2020-02-07,590.78,5.599578977,2,9874,Feb,Fri,38,0
2020-02-08,174.535,0.941451473,0,1741,Feb,Sat,39,0
2020-02-09,445.753,4.396803485,3,7411,Feb,Sun,40,0
2020-02-10,524.181,5.423745587,1,8973.648988,Feb,Mon,41,0
2020-02-11,642.65,6.032424118,7,10283,Feb,Tue,42,1
2020-02-12,626.897,6.65888204,2,11107,Feb,Wed,43,1
2020-02-13,645.704,6.56981885,3,10771,Feb,Thu,44,1
2020-02-14,306.265,1.992798567,1,3482,Feb,Fri,45,0
2020-02-15,479.116,4.459688024,2,8093,Feb,Sat,46,0
2020-02-16,604.943,6.227538452,2,10830,Feb,Sun,47,1
2020-02-17,1053.364,10.39976594,1,16488,Feb,Mon,48,1
2020-02-18,883.493,7.714446744,5,12016,Feb,Tue,49,1
2020-02-19,481.485,4.546966666,2,7773,Feb,Wed,50,0
2020-02-20,563.517,5.089572866,4,8853,Feb,Thu,51,0
2020-02-21,527.712,4.343809888,3,7374,Feb,Fri,52,0
2020-02-22,801.148,7.631176918,8,13269,Feb,Sat,53,1
2020-02-23,396.392,3.325181419,1,5803,Feb,Sun,54,0
2020-02-24,942.873,9.465234881,3,16411,Feb,Mon,55,1
2020-02-25,968.513,9.170140612,4,16379,Feb,Tue,56,1
2020-02-26,556.143,5.16327148,5,9057.309498,Feb,Wed,57,0
2020-02-27,487.481,3.834713474,5,6913,Feb,Thu,58,0
2020-02-28,459.551,3.798338976,2,6796,Feb,Fri,59,0
2020-02-29,284.718,2.37289171,0,4409,Feb,Sat,60,0
2020-03-01,698.749,5.881685392,2,10275,Mar,Sun,61,1
2020-03-02,943.698,9.039956761,3,15662,Mar,Mon,62,1
2020-03-03,828.674,7.819925292,2,14387,Mar,Tue,63,1
2020-03-04,759.467,8.4042303,3,14452,Mar,Wed,64,1
2020-03-05,534.271,4.476569955,5,8066,Mar,Thu,65,0
2020-03-06,907.3729278,8.216730958,4,14605,Mar,Fri,66,1
2020-03-07,884.798489,7.96827836,3,13238,Mar,Sat,67,1
2020-03-08,362.5685832,3.078169736,1,5341,Mar,Sun,68,0
2020-03-09,818.229,7.434970059,2,12015,Mar,Mon,69,1
2020-03-10,899.947,8.363154538,4,13585,Mar,Tue,70,1
2020-03-11,508.374,4.509519092,3,7737,Mar,Wed,71,0
2020-03-12,384.986,3.117443285,2,5497,Mar,Thu,72,0
2020-03-13,506.989,4.535176829,9,7981,Mar,Fri,73,0
2020-03-14,1015.612387,9.762501374,8,15831.60177,Mar,Sat,74,1
2020-03-15,555.8316127,3.709956682,31,6609.398231,Mar,Sun,75,0
2020-03-16,691.9648836,5.863383715,15,10239,Mar,Mon,76,1
2020-03-17,332.7541164,3.468627464,1,6265.155311,Mar,Tue,77,0
2020-03-18,220.129,0.944112917,0,1760,Mar,Wed,78,0
2020-03-19,0,0.455008662,0,895,Mar,Thu,79,0
2020-03-20,0.351,1.599476731,1,3048,Mar,Fri,80,0
2020-03-21,0,0,0,0,Mar,Sat,81,0
2020-03-22,180.331,0.725134306,0,1374.603218,Mar,Sun,82,0
2020-03-23,252.016,0.97649019,0,1819.444193,Mar,Mon,83,0
2020-03-24,455.114,3.662971373,1,6625,Mar,Tue,84,0
2020-03-25,475.234,4.288813693,2,7696.196986,Mar,Wed,85,0
2020-03-26,372.533,2.899760577,2,5074,Mar,Thu,86,0
2020-03-27,309.052,2.509439115,1,4522,Mar,Fri,87,0
2020-03-28,384.235,3.522263197,1,6251.595408,Mar,Sat,88,0
2020-03-29,293.161,2.462119408,1,4237,Mar,Sun,89,0
2020-03-30,377.482,2.959220966,1,5237,Mar,Mon,90,0
2020-03-31,767.348,6.379589912,0,9768,Mar,Tue,91,0
2020-04-01,395.444,3.165466816,1,5624,Apr,Wed,92,0
2020-04-02,377.495,2.805868833,1,4975,Apr,Thu,93,0
2020-04-03,416.694,3.445160878,1,6162,Apr,Fri,94,0
2020-04-04,317.839,2.852710123,1,5023,Apr,Sat,95,0
2020-04-05,355.207,3.040506581,1,5192,Apr,Sun,96,0
2020-04-06,754.462,5.962625313,0,8702,Apr,Mon,97,0
2020-04-07,363.349,2.825686099,1,4957,Apr,Tue,98,0
2020-04-08,448.368,3.861603212,2,6784,Apr,Wed,99,0
2020-04-09,414.17,3.220615995,1,5516,Apr,Thu,100,0
2020-04-10,398.578,3.225696316,1,5593.093301,Apr,Fri,101,0
2020-04-11,342.029,3.088539099,1,5303,Apr,Sat,102,0
2020-04-12,354.029,2.835612936,1,4996,Apr,Sun,103,0
2020-04-13,337.322,2.554541915,1.457245238,4525,Apr,Mon,104,0
2020-04-14,356.685,2.652974058,1,4703,Apr,Tue,105,0
2020-04-15,449.091,3.629815319,3,6408,Apr,Wed,106,0
2020-04-16,424.939,3.29169037,1,5864.892289,Apr,Thu,107,0
2020-04-17,360.634,2.65400342,1,4629,Apr,Fri,108,0
2020-04-18,485.085,5.007803098,2,8791,Apr,Sat,109,0
2020-04-19,496.771,4.551094277,3,8031.208196,Apr,Sun,110,0
2020-04-20,406.747,3.265601042,1,5621.899522,Apr,Mon,111,0
2020-04-21,523.267,4.695377557,7,8183,Apr,Tue,112,0
2020-04-22,476.562,3.820164443,2,6860.61757,Apr,Wed,113,0
2020-04-23,517.312,4.708066145,2,8213,Apr,Thu,114,0
2020-04-24,380.948,2.73175954,1,4841,Apr,Fri,115,0
2020-04-25,869.994,8.280825205,4,12735.39329,Apr,Sat,116,1
2020-04-26,311.75,2.603169556,1,4613,Apr,Sun,117,0
2020-04-27,362.007,2.694638862,2,4860,Apr,Mon,118,0
2020-04-28,360.5,2.72609381,1,4777.546906,Apr,Tue,119,0
2020-04-29,545.477,5.226571462,3,9178,Apr,Wed,120,0
2020-04-30,451.726,3.436422357,2,5868,Apr,Thu,121,0
2020-05-01,370.366,2.891075302,1,5099,May,Fri,122,0
2020-05-02,270.05,1.43374042,0,2637.346655,May,Sat,123,0
2020-05-03,447.642,1.758225545,0,3080,May,Sun,124,0
2020-05-04,754.782,6.280237292,0,9382,May,Mon,125,0
2020-05-05,388.947,3.237327063,1,5771,May,Tue,126,0
2020-05-06,584.784,2.836861591,1,5028,May,Wed,127,0
2020-05-07,287.294,2.560905517,2,4493,May,Thu,128,0
2020-05-08,319.026,2.52570541,1,4422,May,Fri,129,0
2020-05-09,204.38,1.429858083,0,2634.724479,May,Sat,130,0
2020-05-10,715.979,6.175636986,4,9226,May,Sun,131,0
2020-05-11,329.061,2.6755265,1,4746,May,Mon,132,0
2020-05-12,553.775,2.494864908,0,4222,May,Tue,133,0
2020-05-13,704.753,5.96088614,1,8687,May,Wed,134,0
2020-05-14,363.083,2.848852382,1,5060,May,Thu,135,0
2020-05-15,530.368,2.134518067,0,3477,May,Fri,136,0
2020-05-16,720.341,5.806397278,1,8328,May,Sat,137,0
2020-05-17,468.299,4.964486881,1,8632,May,Sun,138,0
2020-05-18,0,0.069507473,0,143,May,Mon,139,0
2020-05-19,322.556,2.689043939,1,4718,May,Tue,140,0
2020-05-20,586.903,5.857475419,2,10211,May,Wed,141,1
2020-05-21,348.76,2.723655278,1,4814,May,Thu,142,0
2020-05-22,392.176,3.47427162,1,6174,May,Fri,143,0
2020-05-23,379.382,3.340616192,1,5908.574631,May,Sat,144,0
2020-05-24,476.076,4.306804032,1,7642,May,Sun,145,0
2020-05-25,328.107,2.770452511,1,4912,May,Mon,146,0
2020-05-26,495.048,4.650678999,2,8192,May,Tue,147,0
2020-05-27,425.837,4.029886102,1,7231,May,Wed,148,0
2020-05-28,456.053,4.504872829,1,7917,May,Thu,149,0
2020-05-29,462.884,4.55446567,3,7974,May,Fri,150,0
2020-05-30,482.141,5.228366295,1,9234,May,Sat,151,0
2020-05-31,391.689,4.023888381,1,7020,May,Sun,152,0
2020-06-01,435.305,4.04789166,2,7024,Jun,Mon,153,0
2020-06-02,459.419,4.550551041,1,7961,Jun,Tue,154,0
2020-06-03,406.025,4.176755049,1,7336,Jun,Wed,155,0
2020-06-04,429.951,4.050197102,1,7162,Jun,Thu,156,0
2020-06-05,519.257,5.132385828,1,9148,Jun,Fri,157,0
2020-06-06,421.206,4.470982424,1,7866,Jun,Sat,158,0
2020-06-07,536.735,5.249663957,1,9241,Jun,Sun,159,0
2020-06-08,492.496,4.45111009,1,7884,Jun,Mon,160,0
2020-06-09,521.244,5.157426468,1,9047.972431,Jun,Tue,161,0
2020-06-10,483.064,4.907949529,1,8632,Jun,Wed,162,0
2020-06-11,516.315,4.82706997,8.8985282,8587.685737,Jun,Thu,163,0
2020-06-12,494.578,5.042786094,1,8857,Jun,Fri,164,0
2020-06-13,461.883,5.005200612,1,8724,Jun,Sat,165,0
2020-06-14,512.958,4.97319571,2,8824,Jun,Sun,166,0
2020-06-15,499.295,4.300270484,1,7593,Jun,Mon,167,0
2020-06-16,465.699,4.765795197,1,8460,Jun,Tue,168,0
2020-06-17,529.629,5.210327577,1,9143,Jun,Wed,169,0
2020-06-18,451.255,4.094892859,1,7227,Jun,Thu,170,0
2020-06-19,474.981,2.747421369,7.552453741,5042,Jun,Fri,171,0
2020-06-20,518.249,4.464008271,8,8002,Jun,Sat,172,0
2020-06-21,485.504,4.326751098,2,7742,Jun,Sun,173,0
2020-06-22,436.021,3.630692142,4.721381497,6470.726647,Jun,Mon,174,0
2020-06-23,297.283,1.553277018,4,2894.046188,Jun,Tue,175,0
2020-06-24,795.09,7.740741468,32,13822,Jun,Wed,176,1
2020-06-25,427.932,3.330282545,4,5791,Jun,Thu,177,0
2020-06-26,503.374,4.143059172,12,7299.76768,Jun,Fri,178,0
2020-06-27,454.877,2.870811181,12,5223.736642,Jun,Sat,179,0
2020-06-28,471.2,3.161555018,6,5756,Jun,Sun,180,0
2020-06-29,728.462,6.318317081,1,9505,Jun,Mon,181,0
2020-06-30,709.163,6.096523664,1,9335,Jun,Tue,182,0
2020-07-01,550.067,4.842591774,0,8538,Jul,Wed,183,0
2020-07-02,487.704,4.645971347,1,8116,Jul,Thu,184,0
2020-07-03,552.134,4.827062662,0,8664.423755,Jul,Fri,185,0
2020-07-04,859.017,9.38581864,1,16345,Jul,Sat,186,1
2020-07-05,495.898,4.615657216,1,8245,Jul,Sun,187,0
2020-07-06,533.326,4.520777246,0,7950,Jul,Mon,188,0
2020-07-07,584.517,5.36028074,1,9475,Jul,Tue,189,0
2020-07-08,640.528,6.082822159,1,10729,Jul,Wed,190,1
2020-07-09,514.971,4.535908797,1,7951,Jul,Thu,191,0
2020-07-10,486.253,3.467847073,1,6226,Jul,Fri,192,0
2020-07-11,412.839,3.473292688,1,6242.799789,Jul,Sat,193,0
2020-07-12,472.276,4.109764543,1,7370,Jul,Sun,194,0
2020-07-13,355.7023111,1.542887718,2,2830,Jul,Mon,195,0
2020-07-14,679.9426889,7.140193086,2,12442,Jul,Tue,196,1
2020-07-15,922.519,7.993148318,1,12589,Jul,Wed,197,1
2020-07-16,519.731,4.673201912,1.594257747,8336.31571,Jul,Thu,198,0
2020-07-17,448.209,3.950847009,1,6931.637012,Jul,Fri,199,0
2020-07-18,768.253,6.214443716,1,9318,Jul,Sat,200,0
2020-07-19,449.741,4.059657348,1,7270,Jul,Sun,201,0
2020-07-20,41.188,0.166261086,0,355,Jul,Mon,202,0
2020-07-21,388.973,3.578437848,0,6309,Jul,Tue,203,0
2020-07-22,471.155,4.339168048,0,7770.04588,Jul,Wed,204,0
2020-07-23,469.633,4.253101071,1,7600,Jul,Thu,205,0
2020-07-24,460.641,4.127957146,1,7367,Jul,Fri,206,0
2020-07-25,480.065,4.927384603,1,8751,Jul,Sat,207,0
2020-07-26,463.201,4.035464142,0,7247,Jul,Sun,208,0
2020-07-27,480.685,4.297554794,2,7824.775328,Jul,Mon,209,0
2020-07-28,540.509,5.180923608,1,9454.224672,Jul,Tue,210,0
2020-07-29,463.757,4.550789861,1,8164,Jul,Wed,211,0
2020-07-30,479.338,4.569147919,1,8156,Jul,Thu,212,0
2020-07-31,494.213,4.478287445,1,8020.42033,Jul,Fri,213,0
2020-08-01,485.821,4.07459682,0,7260,Aug,Sat,214,0
2020-08-02,464.034,4.067078212,1,7254,Aug,Sun,215,0
2020-08-03,517.2501124,4.735503033,1,8369.014426,Aug,Mon,216,0
2020-08-04,204.6908876,0.912190796,0,1683.985574,Aug,Tue,217,0
2020-08-05,875.058,5.99130981,1,8885,Aug,Wed,218,0
2020-08-06,506.085,4.849400039,1,8590,Aug,Thu,219,0
2020-08-07,618.951,5.20032234,1,9151,Aug,Fri,220,0
2020-08-08,570.109,6.100484084,12,10910,Aug,Sat,221,1
2020-08-09,892.508,8.040408138,2,12922,Aug,Sun,222,1
2020-08-10,626.2509649,6.464050631,2,11609.25295,Aug,Mon,223,1
2020-08-11,786.9536762,8.571031327,3,15143.74705,Aug,Tue,224,1
2020-08-12,658.3444869,6.290361042,2,11148.43526,Aug,Wed,225,1
2020-08-13,783.1888719,6.933829919,14,12577,Aug,Thu,226,1
2020-08-14,1114.586,6.759233274,103,12255,Aug,Fri,227,1
2020-08-15,0,9.06057021,90,19065,Aug,Sat,228,1
2020-08-16,0,1.165197789,0,2858,Aug,Sun,229,0
2020-08-17,418.556,3.581663244,0,6551,Aug,Mon,230,0
2020-08-18,542.902,5.025142663,2,9022,Aug,Tue,231,0
2020-08-19,534.684,4.590807086,2,8249.305948,Aug,Wed,232,0
2020-08-20,487.101,4.119113632,4.88969975,7396,Aug,Thu,233,0
2020-08-21,783.429,7.299711722,2,11692.91425,Aug,Fri,234,1
2020-08-22,393.343,2.363881033,7,4333,Aug,Sat,235,0
2020-08-23,633.248,6.138364,2,10988,Aug,Sun,236,1
2020-08-24,987.848,9.792092673,3,15974,Aug,Mon,237,1
2020-08-25,476.16,4.000689491,5,7089,Aug,Tue,238,0
2020-08-26,1095.622,10.63927807,2,17328,Aug,Wed,239,1
2020-08-27,211.053,0.982168703,0,1829,Aug,Thu,240,0
2020-08-28,867.585,6.692649451,2,10325,Aug,Fri,241,1
2020-08-29,213.364,1.035915734,0,1922,Aug,Sat,242,0
2020-08-30,591.617,6.192888523,4,10968,Aug,Sun,243,1
2020-08-31,938.952,8.556671827,5,13822,Aug,Mon,244,1
2020-09-01,327.918,1.855544147,0,3418,Sep,Tue,245,0
2020-09-02,1105.96,10.52697896,6,17038,Sep,Wed,246,1
2020-09-03,218.277,1.774730453,1,3342.691647,Sep,Thu,247,0
2020-09-04,986.521,8.749537792,4,13739,Sep,Fri,248,1
2020-09-05,322.897,2.12051322,5,3906,Sep,Sat,249,0
2020-09-06,590.929,5.894205115,1,10464,Sep,Sun,250,1
2020-09-07,937.286,8.426684569,10,13512,Sep,Mon,251,1
2020-09-08,387.859,3.258236735,0,5708,Sep,Tue,252,0
2020-09-09,1145.681,11.1799038,12,18132,Sep,Wed,253,1
2020-09-10,418.184,3.231442451,9,5768,Sep,Thu,254,0
2020-09-11,608.771,5.446186747,3,9594,Sep,Fri,255,0
2020-09-12,248.339,2.079982304,6,3831,Sep,Sat,256,0
2020-09-13,287.861,1.860221823,2.207923675,3371,Sep,Sun,257,0
2020-09-14,598.491,5.629018054,4,10049,Sep,Mon,258,1
2020-09-15,372.37,2.977859724,0,5274,Sep,Tue,259,0
2020-09-16,655.548,6.255508456,5,11164,Sep,Wed,260,1
2020-09-17,372.631,3.046205051,1,5457,Sep,Thu,261,0
2020-09-18,568.355,4.630557135,3,8392,Sep,Fri,262,0
2020-09-19,502.417,2.614480572,0,4657,Sep,Sat,263,0
2020-09-20,515.383,4.439744148,4,7940,Sep,Sun,264,0
2020-09-21,504.994,4.51350708,5,8043,Sep,Mon,265,0
2020-09-22,239.065,1.19940276,0,2190,Sep,Tue,266,0
2020-09-23,496.164,4.456379396,5,8027.43165,Sep,Wed,267,0
2020-09-24,155.5,6.23630856,0,11775,Sep,Thu,268,1
2020-09-25,569.048,4.939965286,7,8722,Sep,Fri,269,0
2020-09-26,484.568,4.487029613,2,8249.179802,Sep,Sat,270,0
2020-09-27,399.808,3.286518816,4,5912.688588,Sep,Sun,271,0
2020-09-28,438.885,3.419153675,5,6210,Sep,Mon,272,0
2020-09-29,383.341,2.825211966,3,5212,Sep,Tue,273,0
2020-09-30,557.72,5.097598797,5,9058.761937,Sep,Wed,274,0
2020-10-01,725.432,7.422846872,14.67529855,13172,Oct,Thu,275,1
2020-10-02,414.837,2.823079962,4,4927,Oct,Fri,276,0
2020-10-03,392.828,2.599307099,20,4619,Oct,Sat,277,0
2020-10-04,527.88,4.893830235,8,8704.239395,Oct,Sun,278,0
2020-10-05,672.34,6.720256096,8,11930,Oct,Mon,279,1
2020-10-06,389.655,3.076551318,10.20131617,5375,Oct,Tue,280,0
2020-10-07,794.416,8.464219136,7,15086,Oct,Wed,281,1
2020-10-08,352.902,2.536801109,28,4516,Oct,Thu,282,0
2020-10-09,445.902,3.164645889,6,5471,Oct,Fri,283,0
2020-10-10,495.313,4.360207987,11,7969.897661,Oct,Sat,284,0
2020-10-11,384.414,2.516652575,4,4447,Oct,Sun,285,0
2020-10-12,607.078,5.711534285,11,10102,Oct,Mon,286,1
2020-10-13,222.83,0.830911671,8,1502,Oct,Tue,287,0
2020-10-14,605.936,6.045871732,8,10795,Oct,Wed,288,1
2020-10-15,387.887,3.059696204,9,5274,Oct,Thu,289,0
2020-10-16,554.642,5.110301983,6,8835,Oct,Fri,290,0
2020-10-17,400.937,3.871723045,16.21422663,6821,Oct,Sat,291,0
2020-10-18,482.5,4.394681657,4.247610065,7746,Oct,Sun,292,0
2020-10-19,526.022,4.535396787,13,8198.09317,Oct,Mon,293,0
2020-10-20,464.241,4.5085812,10,8021.374794,Oct,Tue,294,0
2020-10-21,715.536,7.059211288,13,12581,Oct,Wed,295,1
2020-10-22,484.98,4.509630061,10,8128.319024,Oct,Thu,296,0
2020-10-23,504.881,4.326573098,5,7780,Oct,Fri,297,0
2020-10-24,559.6205659,4.902041568,11,8529.639292,Oct,Sat,298,0
2020-10-25,421.5654341,3.811374321,3,6611.219389,Oct,Sun,299,0
2020-10-26,510.6,4.263247564,12,7571,Oct,Mon,300,0
2020-10-27,457.398,4.274457318,9,7562,Oct,Tue,301,0
2020-10-28,548.343,5.129248982,9,9072,Oct,Wed,302,0
2020-10-29,576.717,5.4594971900000004,5,9856,Oct,Thu,303,0
2020-10-30,449.395,2.974382577,10,5299.33395,Oct,Fri,304,0
2020-10-31,290.347,1.713249872,8,3208.403609,Oct,Sat,305,0
2020-11-01,562.11,5.007695344,7,8808,Nov,Sun,306,0
2020-11-02,687.933,6.449898579,7,11621.81951,Nov,Mon,307,1
2020-11-03,473.506,4.26542131,9,7573,Nov,Tue,308,0
2020-11-04,678.723,7.401802,8,13113,Nov,Wed,309,1
2020-11-05,428.164,3.803721361,6,7005,Nov,Thu,310,0
2020-11-06,601.623,5.706788205,4,9791.722793,Nov,Fri,311,0
2020-11-07,438.674,3.22612543,17.03585495,5735,Nov,Sat,312,0
2020-11-08,507.796,4.433658729,6,7830,Nov,Sun,313,0
2020-11-09,322.149,5.263283573,8,9812,Nov,Mon,314,0
2020-11-10,496.208,4.22525187,10,7375,Nov,Tue,315,0
2020-11-11,618.859,5.854559427,5,10168,Nov,Wed,316,1
2020-11-12,728.888,7.71955471,3,13933,Nov,Thu,317,1
2020-11-13,673.335,6.320830972,1,11002.17016,Nov,Fri,318,1
2020-11-14,319.197,2.14406937,13,3935,Nov,Sat,319,0
2020-11-15,506.984,4.215839227,5,7419,Nov,Sun,320,0
2020-11-16,434.885,3.227485642,8,5979,Nov,Mon,321,0
2020-11-17,446.001,4.498132575,4,7806,Nov,Tue,322,0
2020-11-18,683.685,6.869445424,7,12209,Nov,Wed,323,1
2020-11-19,466.278,3.977635874,12,7378,Nov,Thu,324,0
2020-11-20,510.078,4.608391191,2,8070,Nov,Fri,325,0
2020-11-21,185.516,1.021158242,10,1876,Nov,Sat,326,0
2020-11-22,489.291,4.12161714,2,7243.51768,Nov,Sun,327,0
2020-11-23,588.503,5.651636569,2,9638,Nov,Mon,328,0
2020-11-24,494.785,4.283337672,2,7245.075122,Nov,Tue,329,0
2020-11-25,0,5.937131774,2,11208,Nov,Wed,330,1
2020-11-26,426.438,3.428053394,4,6535,Nov,Thu,331,0
2020-11-27,706.368,6.642364946,5,11562,Nov,Fri,332,1
2020-11-28,202.896,0.742496775,3,1379.123706,Nov,Sat,333,0
2020-11-29,472.8,4.413876524,3,7829.205511,Nov,Sun,334,0
2020-11-30,482.365,4.061277596,2,7100,Nov,Mon,335,0
2020-12-01,339.997,2.758711713,6,4838,Dec,Tue,336,0
2020-12-02,588.723,5.690704428,5,9744.682305,Dec,Wed,337,0
2020-12-03,480.489,4.505987214,2,7852.67236,Dec,Thu,338,0
2020-12-04,646.631,6.212976651,2,10715,Dec,Fri,339,1
2020-12-05,283.825,2.018483233,10,3623,Dec,Sat,340,0
2020-12-06,448.721,3.792003078,3,6598,Dec,Sun,341,0
2020-12-07,634.651,6.438689142,7,11137,Dec,Mon,342,1
2020-12-08,0,4.121204398,2,7766,Dec,Tue,343,0
2020-12-09,0,4.114369424,3,7858,Dec,Wed,344,0
2020-12-10,0,6.092592854,3,11685,Dec,Thu,345,1
2020-12-11,935.439,11.2758326,3,20453.06651,Dec,Fri,346,1
2020-12-12,300.342,1.55306826,3,2871.789822,Dec,Sat,347,0
2020-12-13,436.155,3.911497244,4,6821,Dec,Sun,348,0
2020-12-14,0,5.183819941,3,9904,Dec,Mon,349,0
2020-12-15,539.876,5.104636956,2,8371,Dec,Tue,350,0
2020-12-16,401.984,3.02271127,5,5276,Dec,Wed,351,0
2020-12-17,532.385,5.168951679,1,8565,Dec,Thu,352,0
2020-12-18,388.882,1.759840401,11,3176,Dec,Fri,353,0
2020-12-19,363.913,2.029128636,14,3668,Dec,Sat,354,0
2020-12-20,502.724,3.703871243,7,5600,Dec,Sun,355,0
2020-12-21,498.524,4.088503696,19,7259.874925,Dec,Mon,356,0
2020-12-22,606.536,4.841299845,12,7363,Dec,Tue,357,0
2020-12-23,772.8841953,4.562834051,8,6831,Dec,Wed,358,0
2020-12-24,381.9688047,1.377947184,4,2469,Dec,Thu,359,0
2020-12-25,386.459,1.899522752,5,3448.975046,Dec,Fri,360,0
2020-12-26,341.334,1.072673317,3,1956.672755,Dec,Sat,361,0
2020-12-27,446.049,3.475914657,6,6087,Dec,Sun,362,0
2020-12-28,457.695,3.48417047,8,6070.507662,Dec,Mon,363,0
2020-12-29,382.499,1.203938352,5,2180,Dec,Tue,364,0
2020-12-30,371.424,1.48841773,5,2680,Dec,Wed,365,0
2020-12-31,485.6452326,2.885346778,4,5152,Dec,Thu,366,0
2021-01-01,461.1077674,2.697729513,12.71292045,4734,Jan,Fri,1,0
2021-01-02,345.034,1.658538673,2.287079551,2922.235817,Jan,Sat,2,0
2021-01-03,355.133,2.27563898,11,4131,Jan,Sun,3,0
2021-01-04,603.204,4.541888034,11,7838,Jan,Mon,4,0
2021-01-05,453.262,3.345747764,11,5692,Jan,Tue,5,0
2021-01-06,595.327,5.459602587,4,9136,Jan,Wed,6,0
2021-01-07,602.011,5.93388156,5,9515.333994,Jan,Thu,7,0
2021-01-08,593.815,5.400185297,1,8811,Jan,Fri,8,0
2021-01-09,425.779,2.695219742,17,4745.721765,Jan,Sat,9,0
2021-01-10,684.607,6.015244402,7,9555,Jan,Sun,10,0
2021-01-11,0,4.032987422,3,7557,Jan,Mon,11,0
2021-01-12,733.411,6.375833114,4,10371.02925,Jan,Tue,12,1
2021-01-13,0,3.523020371,2,6635,Jan,Wed,13,0
2021-01-14,619.892,6.013606481,3,9537,Jan,Thu,14,0
2021-01-15,660.477,5.406946854,2,9184.737401,Jan,Fri,15,0
2021-01-16,310.686,2.309131622,13,4104,Jan,Sat,16,0
2021-01-17,764.162,7.105857973,9.607328096,11726.15574,Jan,Sun,17,1
2021-01-18,698.637,7.394461563,7,12761,Jan,Mon,18,1
2021-01-19,765.534,7.099236179,2,11742.44538,Jan,Tue,19,1
2021-01-20,641.598,6.519306695,6,11359,Jan,Wed,20,1
2021-01-21,559.422,5.198969061,5,8950.956618,Jan,Thu,21,0
2021-01-22,507.805,4.2100187,2,7470,Jan,Fri,22,0
2021-01-23,660.024,6.539983668,15.92046018,11527.76564,Jan,Sat,23,1
2021-01-24,495.753,4.618559481,7,8238,Jan,Sun,24,0
2021-01-25,588.671,5.500577938,8,9691,Jan,Mon,25,0
2021-01-26,761.245,6.886048883,4,11837,Jan,Tue,26,1
2021-01-27,613.3,6.223352885,5,11072,Jan,Wed,27,1
2021-01-28,594.428,4.898133931,5,8237.30589,Jan,Thu,28,0
2021-01-29,375.766,2.306791587,6,4137,Jan,Fri,29,0
2021-01-30,490.348,2.790288024,6,4726,Jan,Sat,30,0
2021-01-31,329.843,1.873032224,6,3363,Jan,Sun,31,0
2021-02-01,636.792,4.81145473,8,8099.88039,Feb,Mon,32,0
2021-02-02,279.553,5.387957766,9,9520.335506,Feb,Tue,33,0
2021-02-03,591.66,5.889529895,7,10624,Feb,Wed,34,1
2021-02-04,644.331,6.778804885,4,11610.44388,Feb,Thu,35,1
2021-02-05,592.537,5.221093645,3,8998,Feb,Fri,36,0
2021-02-06,891.616,9.223699624,12,16278,Feb,Sat,37,1
2021-02-07,631.174,5.283445627,9,8965,Feb,Sun,38,0
2021-02-08,586.393,5.821818713,4,10186,Feb,Mon,39,1
2021-02-09,129.443,1.130967531,3,2039,Feb,Tue,40,0
2021-02-10,424.275,2.861025303,8,5078,Feb,Wed,41,0
2021-02-11,353.404,2.056347554,6,3706,Feb,Thu,42,0
2021-02-12,371.366,2.523616074,10.30471494,4412.242296,Feb,Fri,43,0
2021-02-13,271.421,1.649134835,10,3035,Feb,Sat,44,0
2021-02-14,443.47,2.661004258,9.309477576,4272.721684,Feb,Sun,45,0
2021-02-15,621.736,5.99618916,5,10815,Feb,Mon,46,1
2021-02-16,810.396,7.657359389,4,13274,Feb,Tue,47,1
2021-02-17,687.222,6.924827424,9,12358.20739,Feb,Wed,48,1
2021-02-18,566.684,5.883866646,2,10338,Feb,Thu,49,1
2021-02-19,527.276,4.422022606,4.953175178,7989,Feb,Fri,50,0
2021-02-20,704.833,6.672370257,8,11934.24076,Feb,Sat,51,1
2021-02-21,477.249,4.285239788,4,7636,Feb,Sun,52,0
2021-02-22,637.069,6.38147347,5,11405,Feb,Mon,53,1
2021-02-23,675.943,5.521995315,3,9314,Feb,Tue,54,0
2021-02-24,676.714,6.957848723,5,12286.30323,Feb,Wed,55,1
2021-02-25,555.301,3.654371705,6,6184,Feb,Thu,56,0
2021-02-26,456.983,3.442281958,7.310729295,6071,Feb,Fri,57,0
2021-02-27,357.129,2.35023414,9,3729,Feb,Sat,58,0
2021-02-28,605.864,5.572347314,5,9485.729362,Feb,Sun,59,0
2021-03-01,668.924,6.902875682,5,12179,Mar,Mon,60,1
2021-03-02,777.758,6.625697332,4,11389,Mar,Tue,61,1
2021-03-03,726.16,7.840576677,7,13777,Mar,Wed,62,1
2021-03-04,789.881,7.47865539,6,12410,Mar,Thu,63,1
2021-03-05,659.715,5.809586275,7,10319,Mar,Fri,64,1
2021-03-06,748.586,7.803649006,14,14046.92947,Mar,Sat,65,1
2021-03-07,667.425,5.745006068,9.68575084,9743.677379,Mar,Sun,66,0
2021-03-08,640.974,6.276605247,3,11055,Mar,Mon,67,1
2021-03-09,592.153,5.983097965,3,10318,Mar,Tue,68,1
2021-03-10,754.132,7.20140438,6.122424536,12334,Mar,Wed,69,1
2021-03-11,777.402,7.342682098,7,12495,Mar,Thu,70,1
2021-03-12,764.779,6.938648692,12,11839,Mar,Fri,71,1
2021-03-13,471.871,3.116084027,10.08008244,5234.961831,Mar,Sat,72,0
2021-03-14,386.617,2.276048379,6,4064.090116,Mar,Sun,73,0
2021-03-15,424.845,3.355147947,8,6057,Mar,Mon,74,0
2021-03-16,561.443,3.892869086,5,6638.131659,Mar,Tue,75,0
2021-03-17,655.724,6.492068196,6,11539,Mar,Wed,76,1
2021-03-18,490.342,4.378167505,2,7635,Mar,Thu,77,0
2021-03-19,579.306,4.941957272,2,8720,Mar,Fri,78,0
2021-03-20,496.599,3.095920269,19,5464.891025,Mar,Sat,79,0
2021-03-21,392.731,3.064403618,7,5150.112201,Mar,Sun,80,0
2021-03-22,644.435,6.096598357,10,10912,Mar,Mon,81,1
2021-03-23,511.193,4.242731867,3,7407,Mar,Tue,82,0
2021-03-24,646.174,6.649519588,6.880132251,11908,Mar,Wed,83,1
2021-03-25,784.845,8.052377241,6,13727,Mar,Thu,84,1
2021-03-26,553.423,4.883496369,2,8568,Mar,Fri,85,0
2021-03-27,491.213,3.215749373,9,5736,Mar,Sat,86,0
2021-03-28,610.695,4.937595062,5,8315,Mar,Sun,87,0
2021-03-29,614.64,5.718807685,6,9952,Mar,Mon,88,0
2021-03-30,763.932,6.578337053,10,11441.94646,Mar,Tue,89,1
2021-03-31,523.012,4.653052116,10,8349,Mar,Wed,90,0
2021-04-01,674.499,6.221867046,11,10802,Apr,Thu,91,1
2021-04-02,675.853,6.235538929,5,10885,Apr,Fri,92,1
2021-04-03,545.195,4.028324242,11.77466941,6838,Apr,Sat,93,0
2021-04-04,706.078,6.445251177,5,10210,Apr,Sun,94,1
2021-04-05,762.721,7.919642175,10,13899.72446,Apr,Mon,95,1
2021-04-06,615.8,5.996934813,4,10420,Apr,Tue,96,1
2021-04-07,657.353,6.99831762,7,12307.13696,Apr,Wed,97,1
2021-04-08,567.724,4.411015397,15,6550,Apr,Thu,98,0
2021-04-09,884.8930729,7.823123518,2,13709,Apr,Fri,99,1
2021-04-10,866.7339271,7.132816444,26.44842211,11465.92305,Apr,Sat,100,1
2021-04-11,573.234,4.905602119,8,7496.688235,Apr,Sun,101,0
2021-04-12,0,3.936257685,7,7096,Apr,Mon,102,0
2021-04-13,969.569,8.95773179,5,14097,Apr,Tue,103,1
2021-04-14,512.383,4.73563901,5,8263.787238,Apr,Wed,104,0
2021-04-15,661.807,7.472000969,4,12514,Apr,Thu,105,1
2021-04-16,650.514,6.231567944,5,10692,Apr,Fri,106,1
2021-04-17,630.522,5.353961488,9,8314,Apr,Sat,107,0
2021-04-18,647.182,5.483068369,14,8589.986611,Apr,Sun,108,0
2021-04-19,812.584,8.000967638,5,12828,Apr,Mon,109,1
2021-04-20,566.423,5.055746304,7.369011823,8950,Apr,Tue,110,0
2021-04-21,281.792,2.059226854,13,3786.063192,Apr,Wed,111,0
2021-04-22,537.837,3.637360713,10,6405,Apr,Thu,112,0
2021-04-23,621.58,4.425606314,5,6483,Apr,Fri,113,0
2021-04-24,539.782,4.518153826,6,8075.873291,Apr,Sat,114,0
2021-04-25,348.243,1.667616063,10.72466211,3071,Apr,Sun,115,0
2021-04-26,352.591,1.431893543,8,2650,Apr,Mon,116,0
2021-04-27,895.925,8.739273551,9,13973,Apr,Tue,117,1
2021-04-28,596.591,6.048324282,3,10539,Apr,Wed,118,1
2021-04-29,832.835,9.120622932,6,15713,Apr,Thu,119,1
2021-04-30,802.339,7.576940311,7,12664,Apr,Fri,120,1
2021-05-01,523.892,4.205606129,13,6427,May,Sat,121,0
2021-05-02,993.371,9.579915876,15,15627,May,Sun,122,1
2021-05-03,495.978,3.906853495,4,6865,May,Mon,123,0
2021-05-04,637.177,6.533110081,5,11299,May,Tue,124,1
2021-05-05,603.673,4.967192275,6,7749,May,Wed,125,0
2021-05-06,192.891,0.838505981,5,1530.782657,May,Thu,126,0
2021-05-07,907.241,7.621661831,5,12097,May,Fri,127,1
2021-05-08,267.235,1.535540479,7.890439181,2787.281718,May,Sat,128,0
2021-05-09,362.886,2.740565772,6,4822,May,Sun,129,0
2021-05-10,828.086,7.625601726,5,12106.44027,May,Mon,130,1
2021-05-11,552.722,5.268989785,3,9088,May,Tue,131,0
2021-05-12,665.862,6.806414745,3,11817,May,Wed,132,1
2021-05-13,775.622,7.035346071,6,11026,May,Thu,133,1
2021-05-14,952.825,8.256029886,7,13743,May,Fri,134,1
2021-05-15,728.745,6.086559765,15.56030766,9391,May,Sat,135,0
2021-05-16,612.781,4.901387498,10,7209,May,Sun,136,0
2021-05-17,793.938,6.899303904,6,10770,May,Mon,137,1
2021-05-18,545.713,5.433665462,7,9529,May,Tue,138,0
2021-05-19,603.213,5.640106607,8,9880,May,Wed,139,0
2021-05-20,1252.801,12.02421424,11,19047.90654,May,Thu,140,1
2021-05-21,396.776,1.816152418,11,3309.175828,May,Fri,141,0
2021-05-22,431.546,3.129868666,8,5699.831974,May,Sat,142,0
2021-05-23,1161.954592,9.405201072,41,16625,May,Sun,143,1
2021-05-24,3324.077638,22.88033647,209.7919503,41618.13548,May,Mon,144,1
2021-05-25,881.5297706,6.478360687,40,11370.13896,May,Tue,145,1
2021-05-26,954.5316269,7.341266549,36.92001165,12983,May,Wed,146,1
2021-05-27,404.3986915,4.061148861,0,7198,May,Thu,147,0
2021-05-28,593.0166816,4.715343806,6,8439.937049,May,Fri,148,0
2021-05-29,556.3745624,5.346551448,7,10007.30926,May,Sat,149,1
2021-05-30,627.3014845,3.934760404,36.95738782,7074,May,Sun,150,0
2021-05-31,602.3969531,5.535589498,8,10043,May,Mon,151,1
2021-06-01,239.9096708,1.1702048,6.980143063,2182,Jun,Tue,152,0
2021-06-02,546.2052836,3.70721327,14,6725.73377,Jun,Wed,153,0
2021-06-03,708.1774346,3.892007355,68,6785.26623,Jun,Thu,154,0
2021-06-04,829.6668308,7.074377252,45,12471.47169,Jun,Fri,155,1
2021-06-05,990.8052707,7.020007995,38.02894436,12544.26946,Jun,Sat,156,1
2021-06-06,565.2605095,4.390664096,29,7895.417071,Jun,Sun,157,0
2021-06-07,493.2528871,2.958279894,13,5345,Jun,Mon,158,0
2021-06-08,326.9411129,0.862263462,5,1573,Jun,Tue,159,0
2021-06-09,514.0020339,3.349649816,9,5935,Jun,Wed,160,0
2021-06-10,463.7338123,2.942578624,5.77290949,5193.713447,Jun,Thu,161,0
2021-06-11,373.5361538,2.117100012,9,3966.392203,Jun,Fri,162,0
2021-06-12,466.309,2.624977914,3.912852876,4683.739992,Jun,Sat,163,0
2021-06-13,450.0493972,3.433356978,1,6186.781776,Jun,Sun,164,0
2021-06-14,396.3946028,3.065717507,6,5549.581773,Jun,Mon,165,0
2021-06-15,315.964,1.143475309,6,2099,Jun,Tue,166,0
2021-06-16,409.392,3.732259503,19,6624.374397,Jun,Wed,167,0
2021-06-17,606.378,6.003744669,7,10482,Jun,Thu,168,1
2021-06-18,890.241,8.234789603,5.597989346,13325,Jun,Fri,169,1
2021-06-19,937.005,8.215588352,22.84316323,13171,Jun,Sat,170,1
2021-06-20,736.77,7.317473437,16,12853,Jun,Sun,171,1
2021-06-21,943.293,8.937816778,12,14689.20298,Jun,Mon,172,1
2021-06-22,928.003,9.481777762,7.457359318,15303,Jun,Tue,173,1
2021-06-23,794.312,8.841834442,5.733474312,15421,Jun,Wed,174,1
2021-06-24,730.909,7.536770825,3,13333,Jun,Thu,175,1
2021-06-25,548.311,4.717703145,10.17361644,8338,Jun,Fri,176,0
2021-06-26,274.52,1.881038568,12.77671354,3417,Jun,Sat,177,0
2021-06-27,694.507,5.929973459,19,9989,Jun,Sun,178,0
2021-06-28,549.605,4.607347775,9.843567283,8183,Jun,Mon,179,0
2021-06-29,708.86,6.94694862,8,12132.67972,Jun,Tue,180,1
2021-06-30,386.353,1.869774857,8,3342,Jun,Wed,181,0
2021-07-01,622.129,6.288971026,8,10953,Jul,Thu,182,1
2021-07-02,1035.768,9.611399018,10.79729389,14816,Jul,Fri,183,1
2021-07-03,524.715,3.495546479,11,6348,Jul,Sat,184,0
2021-07-04,343.665,2.662228892,13.85136169,4669,Jul,Sun,185,0
2021-07-05,408.981,3.916505186,11.69117236,6944.081409,Jul,Mon,186,0
2021-07-06,934.278,8.735463653,8,13561,Jul,Tue,187,1
2021-07-07,710.603,5.757606065,8,9035,Jul,Wed,188,0
2021-07-08,549.197,4.899246798,5.766204091,8800,Jul,Thu,189,0
2021-07-09,930.927,9.42196073,5,15319.30466,Jul,Fri,190,1
2021-07-10,614.642,5.641114205,17,9768,Jul,Sat,191,0
2021-07-11,558.691,4.660495745,17.6468502,8344,Jul,Sun,192,0
2021-07-12,987.552,9.350464747,7.5499153,14599,Jul,Mon,193,1
2021-07-13,546.466,5.084371969,5,9046.583977,Jul,Tue,194,0
2021-07-14,601.794,5.877673784,7,10418,Jul,Wed,195,1
2021-07-15,555.438,4.493864571,13,7960,Jul,Thu,196,0
2021-07-16,555.259,5.063759353,13.12645158,9016,Jul,Fri,197,0
2021-07-17,320.675,1.686191687,15,3495,Jul,Sat,198,0
2021-07-18,476.413,3.76857136,22,7014,Jul,Sun,199,0
2021-07-19,498.488,4.102094008,19,7241,Jul,Mon,200,0
2021-07-20,491.989,4.079810291,28,7375.980696,Jul,Tue,201,0
2021-07-21,530.258,5.163407618,23,9324.075023,Jul,Wed,202,0
2021-07-22,303.106,2.865702873,22,6004,Jul,Thu,203,0
2021-07-23,441.37,4.253124119,32,7970.836668,Jul,Fri,204,0
2021-07-24,322.422,0.708052511,4,1294.314831,Jul,Sat,205,0
2021-07-25,376.524,2.932162527,14.71124956,5403,Jul,Sun,206,0
2021-07-26,944.694,8.578311821,6.898457031,13797,Jul,Mon,207,1
2021-07-27,458.564,3.50096727,7.820047982,6217,Jul,Tue,208,0
2021-07-28,679.275,6.413043384,10.57969535,11299,Jul,Wed,209,1
2021-07-29,846.1577114,8.561986459,8.906181438,15053,Jul,Thu,210,1
2021-07-30,1054.932906,9.469425584,9,14888.41364,Jul,Fri,211,1
2021-07-31,773.8963823,8.308009959,11.54083415,14715.58636,Jul,Sat,212,1
2021-08-01,1027.805,9.990264632,17,15235,Aug,Sun,213,1
2021-08-02,707.041,7.269346907,9,12780,Aug,Mon,214,1
2021-08-03,715.469,7.180013045,5,12575,Aug,Tue,215,1
2021-08-04,713.939,7.29777923,12,12771,Aug,Wed,216,1
2021-08-05,1392.968,8.604780602,172,15429,Aug,Thu,217,1
2021-08-06,654.606,4.971338877,5,7659,Aug,Fri,218,0
2021-08-07,854.677,8.058647173,11,13730.2179,Aug,Sat,219,1
2021-08-08,990.895,9.058279108,17,13843,Aug,Sun,220,1
2021-08-09,716.088,7.20872256,6,12763,Aug,Mon,221,1
2021-08-10,729.101,6.938402834,7.935718621,12264,Aug,Tue,222,1
2021-08-11,723.695,7.466459891,7,13220.45886,Aug,Wed,223,1
2021-08-12,893.832,10.28665679,10,18111,Aug,Thu,224,1
2021-08-13,715.087,6.927964216,6.778443098,12245,Aug,Fri,225,1
2021-08-14,366.872,2.424592307,23.09595652,4453,Aug,Sat,226,0
2021-08-15,564.036,4.397744803,14,7503.115379,Aug,Sun,227,0
2021-08-16,470.2,3.784933246,5,6734,Aug,Mon,228,0
2021-08-17,539.58,4.573132204,9,8052,Aug,Tue,229,0
2021-08-18,587.438,5.544729438,3,9867.634786,Aug,Wed,230,0
2021-08-19,684.208,6.725997031,6,11997,Aug,Thu,231,1
2021-08-20,475.264,3.7770185,9,6755.373633,Aug,Fri,232,0
2021-08-21,293.644,2.338723357,13,4370.13128,Aug,Sat,233,0
2021-08-22,555.124,4.771327145,17.56576731,8547.976294,Aug,Sun,234,0
2021-08-23,807.213,8.271499556,13,14630,Aug,Mon,235,1
2021-08-24,760.558,7.767838636,6,13915,Aug,Tue,236,1
2021-08-25,597.411,5.356528208,7,9589,Aug,Wed,237,0
2021-08-26,727.339,5.692271679,13,10312,Aug,Thu,238,1
2021-08-27,572.233,5.848229158,2,10383,Aug,Fri,239,1
2021-08-28,490.111,4.52910127,12,8144,Aug,Sat,240,0
2021-08-29,753.711,6.605121309,12,11574,Aug,Sun,241,1
2021-08-30,574.15,5.091279532,5,9159.097825,Aug,Mon,242,0
2021-08-31,490.257,4.076565764,6,7246,Aug,Tue,243,0
2021-09-01,572.834,5.103734022,5,9041,Sep,Wed,244,0
2021-09-02,666.564,6.600281786,13,11662.39704,Sep,Thu,245,1
2021-09-03,542.843,4.37876466,10,7759,Sep,Fri,246,0
2021-09-04,1622.444,10.14342912,132,18470,Sep,Sat,247,1
2021-09-05,0,1.996836852,52,4850,Sep,Sun,248,0
2021-09-06,605.229,5.480381176,8,9747,Sep,Mon,249,0
2021-09-07,906.585,8.175401293,2,12995,Sep,Tue,250,1
2021-09-08,606.529,5.656337787,5,10142,Sep,Wed,251,1
2021-09-09,655.354,6.426508597,4,11185,Sep,Thu,252,1
2021-09-10,580.42,5.230814559,5,9206.797964,Sep,Fri,253,0
2021-09-11,282.324,1.453385437,17,2643.760304,Sep,Sat,254,0
2021-09-12,714.427,7.302583446,10.08124626,12853.11074,Sep,Sun,255,1
2021-09-13,798.755,8.37402239,6,14951,Sep,Mon,256,1
2021-09-14,886.057,8.500716115,7,13522,Sep,Tue,257,1
2021-09-15,778.633,8.227361782,4,14574,Sep,Wed,258,1
2021-09-16,1086.365,11.07050021,5,17847,Sep,Thu,259,1
2021-09-17,991.627,9.385409928,8.418227913,15050.60452,Sep,Fri,260,1
2021-09-18,426.437,3.30967473,11,5935.789337,Sep,Sat,261,0
2021-09-19,873.323,7.680601312,24,13176,Sep,Sun,262,1
2021-09-20,615.121,5.851328454,5,10434,Sep,Mon,263,1
2021-09-21,937.592,8.82623458,5,13941,Sep,Tue,264,1
2021-09-22,631.825,5.43748213,6,9737.43489,Sep,Wed,265,0
2021-09-23,559.904,5.011329264,12,8899,Sep,Thu,266,0
2021-09-24,512.244,4.016262562,5.116433862,7122,Sep,Fri,267,0
2021-09-25,907.463,6.962292599,52,12306,Sep,Sat,268,1
2021-09-26,263.078,1.605351877,18,2901.861544,Sep,Sun,269,0
2021-09-27,604.886,5.909659037,3,10576,Sep,Mon,270,1
2021-09-28,705.288,6.460780589,4,11037,Sep,Tue,271,1
2021-09-29,629.069,6.488391746,6,11625,Sep,Wed,272,1
2021-09-30,667.605,6.03719417,8,10337,Sep,Thu,273,1
2021-10-01,661.503,5.943960883,5,10222,Oct,Fri,274,1
2021-10-02,304.094,2.265296601,8,4063,Oct,Sat,275,0
2021-10-03,486.229,3.949791952,13,6916,Oct,Sun,276,0
2021-10-04,601.945,5.68089425,9,10124,Oct,Mon,277,1
2021-10-05,734.516,7.419408655,10.27800399,12704,Oct,Tue,278,1
2021-10-06,670.331,6.352922646,4,11357,Oct,Wed,279,1
2021-10-07,845.351,7.611226971,4,11575,Oct,Thu,280,1
2021-10-08,570.385,5.145648324,4,9041,Oct,Fri,281,0
2021-10-09,453.383,3.82352782,9,6776,Oct,Sat,282,0
2021-10-10,879.733,8.019753282,10.04619143,12114,Oct,Sun,283,1
2021-10-11,631.523,5.768413313,4,10222.47312,Oct,Mon,284,1
2021-10-12,273.922,1.739810709,7,3073,Oct,Tue,285,0
2021-10-13,478.911,3.762174517,7,6726,Oct,Wed,286,0
2021-10-14,434.864,3.031155497,11,5441.414666,Oct,Thu,287,0
2021-10-15,665.408,6.614174845,9,11744,Oct,Fri,288,1
2021-10-16,625.158,6.545038263,7,11509.4635,Oct,Sat,289,1
2021-10-17,443.792,3.330699193,9,5855.151057,Oct,Sun,290,0
2021-10-18,710.704,6.876570731,4,12026,Oct,Mon,291,1
2021-10-19,617.838,6.105510292,4,10548,Oct,Tue,292,1
2021-10-20,659.814,6.190117774,7,10921,Oct,Wed,293,1
2021-10-21,631.449,5.848229957,5,10183,Oct,Thu,294,1
2021-10-22,607.272,5.850557196,3,9602.454804,Oct,Fri,295,0
2021-10-23,440.77,3.918263585,10,7036,Oct,Sat,296,0
2021-10-24,522.818,3.432949429,15.18697843,5878,Oct,Sun,297,0
2021-10-25,435.194,3.696418809,5,6686,Oct,Mon,298,0
2021-10-26,574.503,5.939296641,5,10240,Oct,Tue,299,1
2021-10-27,782.084,7.282921219,8,12741,Oct,Wed,300,1
2021-10-28,819.612,8.139344239,7,13891.79073,Oct,Thu,301,1
2021-10-29,682.585,6.854724372,6,11967,Oct,Fri,302,1
2021-10-30,438.758,4.321350486,19,7566,Oct,Sat,303,0
2021-10-31,835.768,7.770790822,10,12304,Oct,Sun,304,1
2021-11-01,696.417,6.61754975,8,11442,Nov,Mon,305,1
2021-11-02,600.393,5.22768262,4,8996,Nov,Tue,306,0
2021-11-03,363.083,4.834394796,6,8649,Nov,Wed,307,0
2021-11-04,658.472,5.845996687,8,9866.787743,Nov,Thu,308,0
2021-11-05,563.067,5.189173253,9,9161,Nov,Fri,309,0
2021-11-06,475.418,3.632204889,16,6461,Nov,Sat,310,0
2021-11-07,664.36,5.808804274,8,10103,Nov,Sun,311,1
2021-11-08,812.322,8.008143806,18.06437625,14093,Nov,Mon,312,1
2021-11-09,629.803,5.840150571,5,10150,Nov,Tue,313,1
2021-11-10,692.6,6.131594715,6,10774,Nov,Wed,314,1
2021-11-11,689.278,6.391068116,5,11106.31467,Nov,Thu,315,1
2021-11-12,732.032,7.448282079,9,13070.51157,Nov,Fri,316,1
2021-11-13,529.965,4.825905968,12,8465.911954,Nov,Sat,317,0
2021-11-14,522.163,4.227006962,7.765074116,7360.524084,Nov,Sun,318,0
2021-11-15,638.862,5.889553273,5,10533,Nov,Mon,319,1
2021-11-16,623.34,5.634276835,8,9880,Nov,Tue,320,0
2021-11-17,650.836,6.125786027,6,10814,Nov,Wed,321,1
2021-11-18,577.814,4.896615649,5,8642,Nov,Thu,322,0
2021-11-19,635.778,5.355203529,4,9202,Nov,Fri,323,0
2021-11-20,391.791,3.463362633,14,6139,Nov,Sat,324,0
2021-11-21,575.1,5.538766102,16,9817,Nov,Sun,325,0
2021-11-22,601.452,5.374048825,8,9320,Nov,Mon,326,0
2021-11-23,833.063,8.125561688,11.48021958,13985,Nov,Tue,327,1
2021-11-24,582.9727901,4.089949224,7.25224249,7052,Nov,Wed,328,0
2021-11-25,458.0352099,3.555519275,10,6237,Nov,Thu,329,0
2021-11-26,407.918,2.573074217,4,4682,Nov,Fri,330,0
2021-11-27,212.274,0.974443953,2,1773,Nov,Sat,331,0
2021-11-28,362.107,1.305598651,7,2286,Nov,Sun,332,0
2021-11-29,468.389,3.688930754,7,6682,Nov,Mon,333,0
2021-11-30,598.555,5.801770967,4,10046.95816,Nov,Tue,334,1
2021-12-01,607.57,5.89886259,5.116230924,10552,Dec,Wed,335,1
2021-12-02,479.386,4.038831835,2,6928,Dec,Thu,336,0
2021-12-03,692.202,5.836715531,5,10019,Dec,Fri,337,1
2021-12-04,398.363,3.639451993,12,6602,Dec,Sat,338,0
2021-12-05,497.487,4.331654797,9,7476,Dec,Sun,339,0
2021-12-06,729.166,7.021194584,12,12394.02574,Dec,Mon,340,1
2021-12-07,699.421,6.620117236,7,11350.63742,Dec,Tue,341,1
2021-12-08,628.861,5.301788231,6,9409,Dec,Wed,342,0
2021-12-09,1017.902,9.84677134,8,15973,Dec,Thu,343,1
2021-12-10,796.877,8.191302663,11,14152.92606,Dec,Fri,344,1
2021-12-11,328.015,1.857184093,12.17914611,3429,Dec,Sat,345,0
2021-12-12,557.346,4.697810651,6.433206717,8171,Dec,Sun,346,0
2021-12-13,619.525,4.902560909,5,8370,Dec,Mon,347,0
2021-12-14,505.987,3.411035487,4,5916,Dec,Tue,348,0
2021-12-15,624.145,4.712725125,4,8074,Dec,Wed,349,0
2021-12-16,640.298,4.81221539,5,8423,Dec,Thu,350,0
2021-12-17,399.843,1.419499824,3,2556.390793,Dec,Fri,351,0
2021-12-18,324.819,1.52019445,19.95628673,2784,Dec,Sat,352,0
2021-12-19,352.229,1.756710127,23.12788809,3265,Dec,Sun,353,0
2021-12-20,471.908,2.26241427,21.16604739,4090.706424,Dec,Mon,354,0
2021-12-21,541.472,4.567136119,21.78690026,7510,Dec,Tue,355,0
2021-12-22,675.874,5.306126549,22.98931539,8477,Dec,Wed,356,0
2021-12-23,672.121,5.238328715,23,8598.598124,Dec,Thu,357,0
2021-12-24,622.162,4.65098178,18,8263.116138,Dec,Fri,358,0
2021-12-25,356.104,2.582005445,24,4639.043468,Dec,Sat,359,0
2021-12-26,527.269,4.147926549,22,6516.790223,Dec,Sun,360,0
2021-12-27,393.118,2.241020931,17,4044.781867,Dec,Mon,361,0
2021-12-28,586.424,4.459457468,21,7064,Dec,Tue,362,0
2021-12-29,681.683,7.205195322,22.68362653,12759.37816,Dec,Wed,363,1
2021-12-30,391.445,3.649465876,21.29704313,6756.235906,Dec,Thu,364,0
2021-12-31,486.55,2.393480338,21,4355.412831,Dec,Fri,365,0
2022-01-01,372.823,2.270142345,15,4126,Jan,Sat,1,0
2022-01-02,376.19,1.981199354,20.09289788,3538,Jan,Sun,2,0
2022-01-03,371.551,1.684744792,20.54464115,3014,Jan,Mon,3,0
2022-01-04,371.972,1.482496296,16.35790197,2658.379127,Jan,Tue,4,0
2022-01-05,394.444,1.469742486,12.57763434,2680,Jan,Wed,5,0
2022-01-06,373.945,1.480670079,11,2698.808987,Jan,Thu,6,0
2022-01-07,375.478,1.415005159,14.7189123,2613,Jan,Fri,7,0
2022-01-08,415.212,2.433084333,18,4422,Jan,Sat,8,0
2022-01-09,453.458,2.700040182,20.0278001,4832,Jan,Sun,9,0
2022-01-10,391.201,1.558814893,15.851072630000001,2797,Jan,Mon,10,0
2022-01-11,368.587,1.36750844,14,2543,Jan,Tue,11,0
2022-01-12,378.252,1.468288528,13,2677,Jan,Wed,12,0
2022-01-13,512.019,3.118967943,13,5517,Jan,Thu,13,0
2022-01-14,465.258,2.395070941,14,4303,Jan,Fri,14,0
2022-01-15,513.116,3.057130768,14,5480,Jan,Sat,15,0
2022-01-16,480.564,2.674258788,15,4832,Jan,Sun,16,0
2022-01-17,415.152,2.326514006,10,4224,Jan,Mon,17,0
2022-01-18,615.725,4.100819422,16.60926514,7346,Jan,Tue,18,0
2022-01-19,634.683,4.902403497,14,8819,Jan,Wed,19,0
2022-01-20,506.514,3.158547134,14,5551.082476,Jan,Thu,20,0
2022-01-21,560.345,4.385199298,18,7867,Jan,Fri,21,0
2022-01-22,654.928,5.836042709,12.47274001,10538.73614,Jan,Sat,22,1
2022-01-23,564.629,3.960720384,13,7015,Jan,Sun,23,0
2022-01-24,609.93,4.572037564,12,8183,Jan,Mon,24,0
2022-01-25,593.522,4.142311806,13.94437209,7252,Jan,Tue,25,0
2022-01-26,546.447,4.384410314,14,7865,Jan,Wed,26,0
2022-01-27,500.027,2.977141084,15,5288,Jan,Thu,27,0
2022-01-28,517.133,3.888423202,14,6922,Jan,Fri,28,0
2022-01-29,484.899,2.545296082,12,4605,Jan,Sat,29,0
2022-01-30,548.824,3.779574873,13,6706,Jan,Sun,30,0
2022-01-31,633.395,5.15830152,14,9245.356802,Jan,Mon,31,0
2022-02-01,486.245,3.144131208,15,5520,Feb,Tue,32,0
2022-02-02,561.362,4.459660077,16,7886.964223,Feb,Wed,33,0
2022-02-03,421.394,2.220148606,11,3943,Feb,Thu,34,0
2022-02-04,545.086,4.430383798,20,7892,Feb,Fri,35,0
2022-02-05,476.57,2.520676682,9,4574,Feb,Sat,36,0
2022-02-06,580.678,4.676578837,14,8220.484803,Feb,Sun,37,0
2022-02-07,567.829,4.800952027,10,8598,Feb,Mon,38,0
2022-02-08,563.009,3.992753775,16,7014.318615,Feb,Tue,39,0
2022-02-09,592.127,5.025603917,14,9133,Feb,Wed,40,0
2022-02-10,542.528,4.406213014,12,7663.650807,Feb,Thu,41,0
2022-02-11,577.96,4.902438011,15,8492.345401,Feb,Fri,42,0
2022-02-12,765.527,7.3915823960000004,14,12941,Feb,Sat,43,1
2022-02-13,618.05,5.548339481,14,9798,Feb,Sun,44,0
2022-02-14,661.269,6.117249837,15,10714,Feb,Mon,45,1
2022-02-15,580.449,4.356018386,12,7733,Feb,Tue,46,0
2022-02-16,685.274,6.075118313,11,11202,Feb,Wed,47,1
2022-02-17,581.157,4.928121324,13,8825.398184,Feb,Thu,48,0
2022-02-18,560.913,4.918624705,11,8938.989796,Feb,Fri,49,0
2022-02-19,534.447,3.946879585,12,7099.446307,Feb,Sat,50,0
2022-02-20,810.172,7.85947017,11,13948,Feb,Sun,51,1
2022-02-21,597.315,5.111251461,11,9195,Feb,Mon,52,0
2022-02-22,540.382,4.162472134,13,7397,Feb,Tue,53,0
2022-02-23,634.541,5.617215816,10,10085.04408,Feb,Wed,54,1
2022-02-24,616.193,4.769171239,14,8470,Feb,Thu,55,0
2022-02-25,601.8,4.78120114,12,8574.175537,Feb,Fri,56,0
2022-02-26,653.216,4.806167108,13,8510,Feb,Sat,57,0
2022-02-27,553.361,4.207364361,18,7476,Feb,Sun,58,0
2022-02-28,640.388,5.955144394,12,10593,Feb,Mon,59,1
2022-03-01,581.149,4.725781727,11,8403.064297,Mar,Tue,60,0
2022-03-02,622.747,5.583760106,15,10102,Mar,Wed,61,1
2022-03-03,577.543,4.388242434,20,7761,Mar,Thu,62,0
2022-03-04,550.627,4.807228855,11.40347891,8646,Mar,Fri,63,0
2022-03-05,765.171,7.42682651,10,13192.87231,Mar,Sat,64,1
2022-03-06,516.119,3.898113466,15,7026.528332,Mar,Sun,65,0
2022-03-07,711.249,6.840509872,12,12212,Mar,Mon,66,1
2022-03-08,536.292,4.148800163,12.4261397,7392,Mar,Tue,67,0
2022-03-09,674.221,6.157851723,12,11018,Mar,Wed,68,1
2022-03-10,540.596,3.889422253,9,6877,Mar,Thu,69,0
2022-03-11,635.56,5.770650699,13,10270,Mar,Fri,70,1
2022-03-12,799.449,7.612449847,14.63655077,13505.22925,Mar,Sat,71,1
2022-03-13,528.528,4.073243622,14,7348.134123,Mar,Sun,72,0
2022-03-14,581.61,4.695748921,15,8349,Mar,Mon,73,0
2022-03-15,537.047,4.191583048,10,7454.472116,Mar,Tue,74,0
2022-03-16,565.15,4.700670326,7,8237,Mar,Wed,75,0
2022-03-17,1099.723,12.37445469,14,21461,Mar,Thu,76,1
2022-03-18,720.54,7.246033057,12,12763,Mar,Fri,77,1
2022-03-19,522.407,4.000147016,8,7091,Mar,Sat,78,0
2022-03-20,557.581,4.862214797,10.7858814,8483.037287,Mar,Sun,79,0
2022-03-21,627.189,5.725631909,9.892531265,10136,Mar,Mon,80,1
2022-03-22,579.232,4.615618096,8,8111,Mar,Tue,81,0
2022-03-23,693.16,6.791168493,9,11965.36302,Mar,Wed,82,1
2022-03-24,595.798,5.027975506,11,8786,Mar,Thu,83,0
2022-03-25,632.872,5.824889856,11,10212,Mar,Fri,84,1
2022-03-26,630.61,6.084426477,16,10152,Mar,Sat,85,1
2022-03-27,534.086,4.375907268,13,7742,Mar,Sun,86,0
2022-03-28,638.939,5.854079934,12.34286678,10440.76661,Mar,Mon,87,1
2022-03-29,526.696,4.1772475,10.24137255,7350,Mar,Tue,88,0
2022-03-30,595.92,5.45761184,9,9764,Mar,Wed,89,0
2022-03-31,590.672,4.742760531,13,8364,Mar,Thu,90,0
2022-04-01,612.788,5.67502294,7,9986,Apr,Fri,91,0
2022-04-02,717.091,7.033343325,8.760523539,12304.18886,Apr,Sat,92,1
2022-04-03,584.006,5.0445515,11,8809,Apr,Sun,93,0
2022-04-04,552.43,5.035776326,9,8991,Apr,Mon,94,0
2022-04-05,447.956,4.44662829,9.640494723,7908,Apr,Tue,95,0
2022-04-06,672.271,6.669071702,8,11851,Apr,Wed,96,1
2022-04-07,741.439,6.413875548,12.72638665,10872,Apr,Thu,97,1
2022-04-08,639.207,5.95366697,15,10517,Apr,Fri,98,1
2022-04-09,503.97,4.502921575,7.647822307,7921,Apr,Sat,99,0
2022-04-10,343.394,2.821405918,8.95021636,5060,Apr,Sun,100,0
2022-04-11,326.749,2.727734355,6,4947.307744,Apr,Mon,101,0
2022-04-12,400.54,3.36536297,10,5988,Apr,Tue,102,0
2022-04-13,317.671,2.309026156,7,4191.399291,Apr,Wed,103,0
2022-04-14,328.826,2.599063767,9,4720,Apr,Thu,104,0
2022-04-15,595.687,4.975189825,10,8928.263513,Apr,Fri,105,0
2022-04-16,529.346,4.514390518,10,8097.37152,Apr,Sat,106,0
2022-04-17,562.352,5.161925913,11,9107,Apr,Sun,107,0
2022-04-18,619.114,5.698091364,11,10283,Apr,Mon,108,1
2022-04-19,564.503,4.520486192,10.95180579,7932,Apr,Tue,109,0
2022-04-20,635.08,6.134795555,9,10996,Apr,Wed,110,1
2022-04-21,496.059,3.954475088,11,7034,Apr,Thu,111,0
2022-04-22,375.486,3.06846995,5,5574,Apr,Fri,112,0
2022-04-23,421.498,3.343351187,8,6047,Apr,Sat,113,0
2022-04-24,760.945,7.514920589,11,13259,Apr,Sun,114,1
2022-04-25,576.604,4.754364259,8,8536,Apr,Mon,115,0
2022-04-26,566.157,5.188031388,9,9095.636306,Apr,Tue,116,0
2022-04-27,628.393,5.984592874,7,10778.40224,Apr,Wed,117,1
2022-04-28,578.653,4.371001954,8.438381599,7780.466824,Apr,Thu,118,0
2022-04-29,671.021,6.610453612,13,11565,Apr,Fri,119,1
2022-04-30,647.032,6.185782116,9,10905,Apr,Sat,120,1
2022-05-01,893.467,7.834000975,10,13284,May,Sun,121,1
2022-05-02,577.058,5.955627246,8,10472,May,Mon,122,1
2022-05-03,529.779,4.618427488,9,8226,May,Tue,123,0
2022-05-04,658.563,6.428724026,14,11574,May,Wed,124,1
2022-05-05,576.718,4.941632182,9.130329457,8781,May,Thu,125,0
2022-05-06,594.209,5.754275079,9,10282,May,Fri,126,1
2022-05-07,537.12,4.818477488,9,8560,May,Sat,127,0
2022-05-08,578.968,4.829830059,10,8464,May,Sun,128,0
2022-05-09,683.313,7.106841125,10.0129327,12461,May,Mon,129,1
2022-05-10,713.823,7.827454179,10,13413.65765,May,Tue,130,1
2022-05-11,722.371,7.366325043,11,12798.72496,May,Wed,131,1
2022-05-12,739.886,7.595132314,10,13183.9155,May,Thu,132,1
2022-05-13,684.063,6.694414605,14,11713,May,Fri,133,1
2022-05-14,772.974,6.991379435,10.00576056,11672.0234,May,Sat,134,1
2022-05-15,579.528,5.425796271,13,9568,May,Sun,135,0
2022-05-16,549.485,4.797692954,9,8388,May,Mon,136,0
2022-05-17,637.275,6.120186411,14,10855.01785,May,Tue,137,1
2022-05-18,769.76,7.534882549,11.41515924,13281,May,Wed,138,1
2022-05-19,753.376,7.249914759,15.58484076,12467.15272,May,Thu,139,1
2022-05-20,649.093,6.521369811,8.604220703,11339,May,Fri,140,1
2022-05-21,589.63,5.85084421,15,10333.47745,May,Sat,141,1
2022-05-22,632.822,5.547886057,19,9951,May,Sun,142,0
2022-05-23,531.189,3.384729844,7,6113,May,Mon,143,0
2022-05-24,580.733,4.230273114,8.974255757,7609,May,Tue,144,0
2022-05-25,279.965,0.47257778,3,895.7956492,May,Wed,145,0
2022-05-26,416.713,6.837447657,6,12270,May,Thu,146,1
2022-05-27,1465.788,13.80561499,90,24253.45739,May,Fri,147,1
2022-05-28,875.153,8.119315954,17,14207,May,Sat,148,1
2022-05-29,1290.52,11.78060741,103,20853,May,Sun,149,1
2022-05-30,1040.029,9.640847119,37,17171,May,Mon,150,1
2022-05-31,404.682,1.053026982,1,1942.014506,May,Tue,151,0
2022-06-01,369.548,3.981292891,14.7303618,7298.354529,Jun,Wed,152,0
2022-06-02,417.237,3.736213555,12,6868.229126,Jun,Thu,153,0
2022-06-03,398.776,3.451351141,9,6120.243486,Jun,Fri,154,0
2022-06-04,355.807,2.143749906,10.34588245,3853.417449,Jun,Sat,155,0
2022-06-05,925.812,9.162120786,12,15728.61779,Jun,Sun,156,1
2022-06-06,778.14,7.673888248,8,13202,Jun,Mon,157,1
2022-06-07,489.502,4.170412771,8,7432.809822,Jun,Tue,158,0
2022-06-08,571.471,5.073112353,7,8966,Jun,Wed,159,0
2022-06-09,547.502,4.574138375,9,8037,Jun,Thu,160,0
2022-06-10,501.522,4.294156507,10,7777.741666,Jun,Fri,161,0
2022-06-11,418.975,3.35644463,10,6051,Jun,Sat,162,0
2022-06-12,790.296,8.259959204,18.80768465,14522,Jun,Sun,163,1
2022-06-13,487.643,4.37953194,11,7709.695654,Jun,Mon,164,0
2022-06-14,927.85,8.438651014,10,14361,Jun,Tue,165,1
2022-06-15,601.19,4.965173543,8,8833,Jun,Wed,166,0
2022-06-16,505.195,3.862413272,8,6855,Jun,Thu,167,0
2022-06-17,671.674,6.241945143,13.11709125,10920,Jun,Fri,168,1
2022-06-18,457.957,4.058384762,9,7115,Jun,Sat,169,0
2022-06-19,355.95,3.67752349,14,6597,Jun,Sun,170,0
2022-06-20,464.001,3.525486091,8,6187,Jun,Mon,171,0
2022-06-21,560.609,4.636182937,12,8212.367342,Jun,Tue,172,0
2022-06-22,466.878,3.645704302,7,6459.141883,Jun,Wed,173,0
2022-06-23,417.295,2.780551866,7,4908,Jun,Thu,174,0
2022-06-24,618.056,5.953039289,8,10435,Jun,Fri,175,1
2022-06-25,826.609,7.510979361,16.30973058,12802,Jun,Sat,176,1
2022-06-26,391.838,2.899405075,9,5132.592855,Jun,Sun,177,0
2022-06-27,404.016,2.771083856,14,4927.321574,Jun,Mon,178,0
2022-06-28,689.056,6.094108163,7,10602,Jun,Tue,179,1
2022-06-29,535.885,4.338533329,8,7732,Jun,Wed,180,0
2022-06-30,467.135,3.535428252,8,6199.039052,Jun,Thu,181,0
2022-07-01,633.966,5.778725983,10,10108,Jul,Fri,182,1
2022-07-02,413.21,3.290456297,12,5870.138839,Jul,Sat,183,0
2022-07-03,641.188,5.01015828,8,8434,Jul,Sun,184,0
2022-07-04,519.507,4.370922101,8,7767.353385,Jul,Mon,185,0
2022-07-05,532.43,4.496919335,9,8026,Jul,Tue,186,0
2022-07-06,712.385,7.191410686,10.20737662,12534.62066,Jul,Wed,187,1
2022-07-07,566.509,4.580096271,9,8151.788777,Jul,Thu,188,0
2022-07-08,578.7,4.902388474,6,8630.778107,Jul,Fri,189,0
2022-07-09,517.174,4.856072936,13.2923336,8542,Jul,Sat,190,0
2022-07-10,616.601,4.973755565,13,8394.873417,Jul,Sun,191,0
2022-07-11,555.233,4.308366497,13,7526.436784,Jul,Mon,192,0
2022-07-12,596.271,5.531906,11.88861278,9777,Jul,Tue,193,0
2022-07-13,755.529,6.597009262,22,11736,Jul,Wed,194,1
2022-07-14,608.462504,4.113693512,14.33652175,7403.420589,Jul,Thu,195,0
2022-07-15,1244.258496,9.907285945,57,17273.57941,Jul,Fri,196,1
2022-07-16,537.936799,2.846858698,8,5219.726065,Jul,Sat,197,0
2022-07-17,1158.547201,7.74174795,85,13579.31617,Jul,Sun,198,1
2022-07-18,1518.925,7.464000872,285.5543898,13206.39643,Jul,Mon,199,1
2022-07-19,2035.312677,13.12478215,195,23903.00365,Jul,Tue,200,1
2022-07-20,665.086569,4.742402728,23,8615.996345,Jul,Wed,201,0
2022-07-21,112.9677535,5.653387053,3,11503,Jul,Thu,202,1
2022-07-22,530.928,4.907358551,10,8703,Jul,Fri,203,0
2022-07-23,799.487,7.291206879,14,12362,Jul,Sat,204,1
2022-07-24,428.722,3.65333555,6,6446.068701,Jul,Sun,205,0
2022-07-25,518.805,4.429840153,8,7824.449876,Jul,Mon,206,0
2022-07-26,548.309,4.737287038,6,8340,Jul,Tue,207,0
2022-07-27,595.168,4.990336682,9,8825.384516,Jul,Wed,208,0
2022-07-28,516.878,4.256593574,9,7523,Jul,Thu,209,0
2022-07-29,562.365,4.978330058,9,8766.996747,Jul,Fri,210,0
2022-07-30,527.481,4.727383332,8,8360.012145,Jul,Sat,211,0
2022-07-31,766.357,6.5837149,11,11045,Jul,Sun,212,1
2022-08-01,517.121,4.38997782,7,7801.845348,Aug,Mon,213,0
2022-08-02,591.715,5.470686465,11,9703.069363,Aug,Tue,214,0
2022-08-03,416.832,2.227226273,5,3959,Aug,Wed,215,0
2022-08-04,617.147,5.52959806,10,9706,Aug,Thu,216,0
2022-08-05,575.744,5.156862067,7.143837472,9143.147395,Aug,Fri,217,0
2022-08-06,526.946,4.723710393,7.208851439,8329.400331,Aug,Sat,218,0
2022-08-07,765.946,6.223744594,9.032498595,10443.25825,Aug,Sun,219,1
2022-08-08,476.397,3.842783878,11.72500081,6864.705907,Aug,Mon,220,0
2022-08-09,823.658,8.172365588,10.84679514,14436.23494,Aug,Tue,221,1
2022-08-10,601.728,5.240763627,6,9193,Aug,Wed,222,0
2022-08-11,493.324,4.162597694,5,7394,Aug,Thu,223,0
2022-08-12,705.573,7.001604194,10,12245.32812,Aug,Fri,224,1
2022-08-13,476.153,4.172524623,9,7408,Aug,Sat,225,0
2022-08-14,481.224,4.323870375,14,7656,Aug,Sun,226,0
2022-08-15,609.121,5.252728609,15.88820469,9330,Aug,Mon,227,0
2022-08-16,790.282,5.443094129,8,9109,Aug,Tue,228,0
2022-08-17,473.874,4.842899582,4,8810.488749,Aug,Wed,229,0
2022-08-18,450.6851522,3.532933538,2,6585.876638,Aug,Thu,230,0
2022-08-19,545.3738478,4.87313389,11.16077536,8681.96527,Aug,Fri,231,0
2022-08-20,706.805,6.507234749,5,11394.0363,Aug,Sat,232,1
2022-08-21,493.37,3.201412395,8,5705.597489,Aug,Sun,233,0
2022-08-22,598.522,4.659846004,10,8256,Aug,Mon,234,0
2022-08-23,636.874,5.926955783,9,10440,Aug,Tue,235,1
2022-08-24,706.389,6.815877084,13.55740057,12054,Aug,Wed,236,1
2022-08-25,589.679,5.306401103,9,9374.680885,Aug,Thu,237,0
2022-08-26,683.805,6.445094251,13.789956,11320,Aug,Fri,238,1
2022-08-27,537.795,4.922426518,17,8827.089714,Aug,Sat,239,0
2022-08-28,835.328,7.298612698,11,12347.12995,Aug,Sun,240,1
2022-08-29,721.45,7.125573859,7,12574.92763,Aug,Mon,241,1
2022-08-30,618.982,5.318376211,11,9357.087203,Aug,Tue,242,0
2022-08-31,756.816,7.01581554,11,12402,Aug,Wed,243,1
2022-09-01,664.621,5.938257731,11,10423.68722,Sep,Thu,244,1
2022-09-02,829.797,7.575993873,13,13238,Sep,Fri,245,1
2022-09-03,862.105,7.659908909,15,13006,Sep,Sat,246,1
2022-09-04,509.585,4.099817916,13.54914404,7337.425079,Sep,Sun,247,0
2022-09-05,771.082,6.885689977,11,12165,Sep,Mon,248,1
2022-09-06,735.119,6.771332683,12,12010.3235,Sep,Tue,249,1
2022-09-07,723.728,6.66843964,12,11774,Sep,Wed,250,1
2022-09-08,707.508,6.42624837,9.099273991,11245.96121,Sep,Thu,251,1
2022-09-09,720.682,6.648642867,10,11727,Sep,Fri,252,1
2022-09-10,842.528,7.388537484,18,12519,Sep,Sat,253,1
2022-09-11,505.768,4.185594734,12,7411,Sep,Sun,254,0
2022-09-12,742.246,7.051002992,11,12419,Sep,Mon,255,1
2022-09-13,674.931,6.243801115,10,11098,Sep,Tue,256,1
2022-09-14,809.228,8.017573203,13,14178,Sep,Wed,257,1
2022-09-15,617.357,4.794547491,8,8646,Sep,Thu,258,0
2022-09-16,527.58,4.194662667,5,7432.102999,Sep,Fri,259,0
2022-09-17,589.036,5.757286618,11.32940256,10297,Sep,Sat,260,1
2022-09-18,658.352,5.134326326,13,9131.68793,Sep,Sun,261,0
2022-09-19,677.239,6.415964007,12,11466,Sep,Mon,262,1
2022-09-20,702.672,6.37178756,10,11184,Sep,Tue,263,1
2022-09-21,741.334,6.923232521,11,12296,Sep,Wed,264,1
2022-09-22,681.28,6.092267507,10,10739,Sep,Thu,265,1
2022-09-23,667.787,5.873615893,10,10530.98741,Sep,Fri,266,1
2022-09-24,891.663,8.492870356,11,14609.905,Sep,Sat,267,1
2022-09-25,509.586,4.539483791,14,8151.169066,Sep,Sun,268,0
2022-09-26,752.588,7.296382029,11,12893,Sep,Mon,269,1
2022-09-27,638.42,5.374474683,8,9363,Sep,Tue,270,0
2022-09-28,778.477,7.610828735,10,13553,Sep,Wed,271,1
2022-09-29,697.18,5.911058499,10,10464,Sep,Thu,272,1
2022-09-30,709.645,5.907068861,9.232568393,10446,Sep,Fri,273,1
2022-10-01,623.515,5.243227447,15,9307.698414,Oct,Sat,274,0
2022-10-02,592.168,4.5472032,14,8097.449233,Oct,Sun,275,0
2022-10-03,783.758,7.090260426,14,12578,Oct,Mon,276,1
2022-10-04,732.681,7.123729998,5,12535.17377,Oct,Tue,277,1
2022-10-05,756.029,7.279932358,8,12917,Oct,Wed,278,1
2022-10-06,878.828,7.250719509,9.167115603,12286,Oct,Thu,279,1
2022-10-07,743.613,6.972635627,12,12245,Oct,Fri,280,1
2022-10-08,719.181,5.713262462,11,10115,Oct,Sat,281,1
2022-10-09,537.263,4.668517204,12,8226,Oct,Sun,282,0
2022-10-10,753.703,7.120016817,10,12653,Oct,Mon,283,1
2022-10-11,669.463,5.717906314,11,10046,Oct,Tue,284,1
2022-10-12,710.998,6.230768309,9.398948175,10964,Oct,Wed,285,1
2022-10-13,785.381,7.995795655,12,13821,Oct,Thu,286,1
2022-10-14,671.789,5.700847223,10,10124,Oct,Fri,287,1
2022-10-15,666.54,5.473601306,13,9672,Oct,Sat,288,0
2022-10-16,520.202,4.245022792,8,7531,Oct,Sun,289,0
2022-10-17,744.13,7.130590319,11,12664,Oct,Mon,290,1
2022-10-18,638.312,5.644959987,6,9913.619407,Oct,Tue,291,0
2022-10-19,799.908,7.545668264,11,13367,Oct,Wed,292,1
2022-10-20,607.874,5.272606042,7,9023,Oct,Thu,293,0
2022-10-21,339.621,2.291247996,11.99003512,4038.80044,Oct,Fri,294,0
2022-10-22,297.143,1.333031741,13,2420,Oct,Sat,295,0
2022-10-23,366.737,2.347690757,10.30398777,4229.72466,Oct,Sun,296,0
2022-10-24,575.698,5.31784413,8.876666035,9442,Oct,Mon,297,0
2022-10-25,527.262,4.5443973,10,8044,Oct,Tue,298,0
2022-10-26,670.234,6.292893347,10.58675962,11137,Oct,Wed,299,1
2022-10-27,684.923,6.174971934,10,11038,Oct,Thu,300,1
2022-10-28,575.799,4.002631896,9,7201,Oct,Fri,301,0
2022-10-29,598.902,4.627774092,7,8321,Oct,Sat,302,0
2022-10-30,633.165,4.845644311,9,8751.078495,Oct,Sun,303,0
2022-10-31,773.308,7.554626227,13,13395,Oct,Mon,304,1
2022-11-01,718.676,6.84453533,11,12096,Nov,Tue,305,1
2022-11-02,736.324,7.121734156,10,12719,Nov,Wed,306,1
2022-11-03,799.635,7.554029978,18.18272432,13034,Nov,Thu,307,1
2022-11-04,571.13,4.762438785,8,8427,Nov,Fri,308,0
2022-11-05,540.442,4.696566286,16,8281,Nov,Sat,309,0
2022-11-06,492.945,3.911656631,10,6942,Nov,Sun,310,0
2022-11-07,692.355,6.785956861,7.720651012,12112,Nov,Mon,311,1
2022-11-08,621.345,5.776968914,7,10413,Nov,Tue,312,1
2022-11-09,699.375,6.59095814,10,11860,Nov,Wed,313,1
2022-11-10,886.622,9.122990293,12,15905,Nov,Thu,314,1
2022-11-11,656.543,6.058991669,10,10746,Nov,Fri,315,1
2022-11-12,534.946,4.829906387,9.14383223,8563,Nov,Sat,316,0
2022-11-13,448.025,4.368190192,10.89885854,7555,Nov,Sun,317,0
2022-11-14,711.835,6.832572031,7,12025,Nov,Mon,318,1
2022-11-15,707.274,6.622391104,6.444018233,11639.44338,Nov,Tue,319,1
2022-11-16,661.308,6.365196096,10,11315,Nov,Wed,320,1
2022-11-17,711.834,6.826521883,8,11811,Nov,Thu,321,1
2022-11-18,660.249,6.459256159,12,11265,Nov,Fri,322,1
2022-11-19,602.676,5.684738253,17,10068,Nov,Sat,323,1
2022-11-20,576.831,5.449964353,11,9661,Nov,Sun,324,0
2022-11-21,843.257,8.974674587,14,15507,Nov,Mon,325,1
2022-11-22,606.848,4.689503689,8,8227,Nov,Tue,326,0
2022-11-23,631.587,6.617534232,13,11578,Nov,Wed,327,1
2022-11-24,695.303,6.738025122,9,11917.78517,Nov,Thu,328,1
2022-11-25,414.463,5.748249172,17,10475,Nov,Fri,329,1
2022-11-26,480.45,5.272986184,3,10053,Nov,Sat,330,1
2022-11-27,554.875,3.945237864,6,7063,Nov,Sun,331,0
2022-11-28,711.784,7.036500703,10,12453,Nov,Mon,332,1
2022-11-29,627.021,5.878523483,7,10344.53186,Nov,Tue,333,1
2022-11-30,668.572,6.404618889,8,11360,Nov,Wed,334,1
2022-12-01,705.609,6.234489285,12,10971.66045,Dec,Thu,335,1
2022-12-02,690.461,6.417891071,9,11387,Dec,Fri,336,1
2022-12-03,490.183,4.414945473,15.82529568,7873,Dec,Sat,337,0
2022-12-04,471.457,4.285266302,8,7557,Dec,Sun,338,0
2022-12-05,823.487,7.496642701,14,13223,Dec,Mon,339,1
2022-12-06,660.07,5.91781355,10,10435,Dec,Tue,340,1
2022-12-07,758.697,7.498359874,10,13319,Dec,Wed,341,1
2022-12-08,765.88,8.121437687,11,14046.95046,Dec,Thu,342,1
2022-12-09,661.691,6.509266603,8,11428,Dec,Fri,343,1
2022-12-10,431.301,3.609371191,13,6304,Dec,Sat,344,0
2022-12-11,416.921,3.39623844,9,6023,Dec,Sun,345,0
2022-12-12,629.586,5.967563949,8,10484,Dec,Mon,346,1
2022-12-13,571.629,4.694009134,7,8263,Dec,Tue,347,0
2022-12-14,600.794,5.824212149,7,10174,Dec,Wed,348,1
2022-12-15,655.889,6.2666517,9,10952,Dec,Thu,349,1
2022-12-16,425.39,3.158804444,7,5664,Dec,Fri,350,0
2022-12-17,410.893,3.557329095,11,6372,Dec,Sat,351,0
2022-12-18,368.379,3.173989171,5,5779,Dec,Sun,352,0
2022-12-19,591.007,5.173392402,10,9125.157906,Dec,Mon,353,0
2022-12-20,639.105,6.041905616,11,10668,Dec,Tue,354,1
2022-12-21,680.906,5.07414586,8,8854,Dec,Wed,355,0
2022-12-22,726.362,5.67563987,9,10216,Dec,Thu,356,1
2022-12-23,596.324,3.701617213,15,6639,Dec,Fri,357,0
2022-12-24,367.093,1.692348659,7,3106,Dec,Sat,358,0
2022-12-25,566.357,3.695564478,10,6775,Dec,Sun,359,0
2022-12-26,611.224,4.66104147,14,8365,Dec,Mon,360,0
2022-12-27,653.759,4.871656057,6,8573.094692,Dec,Tue,361,0
2022-12-28,606.081,4.52557832,9,7853,Dec,Wed,362,0
2022-12-29,823.01,8.209866597,8,14363,Dec,Thu,363,1
2022-12-30,580.624,4.290425072,11,7594,Dec,Fri,364,0
2022-12-31,563.253,5.057331033,11,8857,Dec,Sat,365,0
2023-01-01,536.51,4.591170616,8,7914,Jan,Sun,1,0
2023-01-02,706.72,5.969260991,9,10428.88466,Jan,Mon,2,1
2023-01-03,682.441,5.489042302,10,9504,Jan,Tue,3,0
2023-01-04,661.3,5.325951887,9,9221,Jan,Wed,4,0
2023-01-05,671.591,5.902503609,11,10283,Jan,Thu,5,1
2023-01-06,621.233,5.687060979,11.63922567,9773,Jan,Fri,6,0
2023-01-07,610.29,5.690487035,20,10094.24061,Jan,Sat,7,1
2023-01-08,551.649,4.400612497,12.02099421,7506.39563,Jan,Sun,8,0
2023-01-09,686.288,5.996446385,14,10393.20796,Jan,Mon,9,1
2023-01-10,714.381,6.613966003,16.6019161,11826,Jan,Tue,10,1
2023-01-11,686.826,5.760690272,10,10012.18805,Jan,Wed,11,1
2023-01-12,679.631,6.283615425,12,11111,Jan,Thu,12,1
2023-01-13,578.536,5.137066696,9,9149,Jan,Fri,13,0
2023-01-14,809.854,7.258707887,19,12835.57159,Jan,Sat,14,1
2023-01-15,663.958,6.369673652,9,11411,Jan,Sun,15,1
2023-01-16,584.175,4.541315744,18.16006107,7879,Jan,Mon,16,0
2023-01-17,698.251,6.175541047,14,10763,Jan,Tue,17,1
2023-01-18,546.895,4.386347191,10,7776,Jan,Wed,18,0
2023-01-19,629.056,5.158686688,11,8849,Jan,Thu,19,0
2023-01-20,519.977,4.617759996,10,8139.415296,Jan,Fri,20,0
2023-01-21,527.631,4.927273738,11,8865,Jan,Sat,21,0
2023-01-22,573.366,4.910511591,20.43959463,8506.196903,Jan,Sun,22,0
2023-01-23,623.3,5.001288511,12,8560,Jan,Mon,23,0
2023-01-24,613.932,5.101935652,13.19204733,8915,Jan,Tue,24,0
2023-01-25,591.336,5.483632021,12,9489,Jan,Wed,25,0
2023-01-26,413.219,2.863092011,10,5175.363112,Jan,Thu,26,0
2023-01-27,596.495,4.84458338,11,8556,Jan,Fri,27,0
2023-01-28,449.871,3.515209441,10,6226,Jan,Sat,28,0
2023-01-29,624.255,5.591287054,16,9830,Jan,Sun,29,0
2023-01-30,555.117,4.686874017,9,8407,Jan,Mon,30,0
2023-01-31,526.611,3.896138539,11,7016,Jan,Tue,31,0
2023-02-01,597.628,4.602343898,11.27965878,8330.287251,Feb,Wed,32,0
2023-02-02,697.688,5.613340148,15,9682,Feb,Thu,33,0
2023-02-03,441.51,3.148740516,15,5516,Feb,Fri,34,0
2023-02-04,445.35,2.558354942,12,4458,Feb,Sat,35,0
2023-02-05,713.317,5.752564933,15.69072752,10228,Feb,Sun,36,1
2023-02-06,575.561,4.582632724,10,8150,Feb,Mon,37,0
2023-02-07,554.665,4.260397191,9,7781,Feb,Tue,38,0
2023-02-08,537.808,3.784439353,10,6886,Feb,Wed,39,0
2023-02-09,551.229,5.265281802,9.914980611,9474,Feb,Thu,40,0
2023-02-10,732.219,7.1873383,10,12616.0605,Feb,Fri,41,1
2023-02-11,623.399,5.227055627,9,9565,Feb,Sat,42,0
2023-02-12,537.147,4.102116093,12,7446,Feb,Sun,43,0
2023-02-13,640.775,4.757857451,11,8527,Feb,Mon,44,0
2023-02-14,675.903,5.334031701,10,9550,Feb,Tue,45,0
2023-02-15,626.925,5.021787828,13.02402433,8945,Feb,Wed,46,0
2023-02-16,541.519,5.128625099,12.40316666,9601,Feb,Thu,47,0
2023-02-17,674.259,5.636683798,13,10206,Feb,Fri,48,1
2023-02-18,633.838,5.520154082,8,10029,Feb,Sat,49,1
2023-02-19,639.731,5.044013642,19,9076,Feb,Sun,50,0
2023-02-20,693.002,5.59721742,9,10026.28558,Feb,Mon,51,1
2023-02-21,688.681,5.26890097,11,9547.272099,Feb,Tue,52,0
2023-02-22,609.681,4.870732453,11,8758,Feb,Wed,53,0
2023-02-23,440.374,2.899863844,17,5337,Feb,Thu,54,0
2023-02-24,666.881,5.647158171,13.17810918,10280,Feb,Fri,55,1
2023-02-25,527.229,4.117197406,9,7586,Feb,Sat,56,0
2023-02-26,563.613,4.163256109,10,7516,Feb,Sun,57,0
2023-02-27,677.869,5.135083077,14.08461324,9245,Feb,Mon,58,0
2023-02-28,729.488,5.912172644,14,10634.04692,Feb,Tue,59,1
2023-03-01,596.041,4.8692805,12,8759,Mar,Wed,60,0
2023-03-02,632.522,5.495777282,12,9909,Mar,Thu,61,0
2023-03-03,642.06,5.449357917,12,9799,Mar,Fri,62,0
2023-03-04,431.598,3.416155449,14,6215,Mar,Sat,63,0
2023-03-05,479.803,4.046652846,12,7326,Mar,Sun,64,0
2023-03-06,689.409,5.298413796,15.94676864,9425,Mar,Mon,65,0
2023-03-07,676.688,5.398155092,11,9814.627528,Mar,Tue,66,0
2023-03-08,599.536,4.738310353,11,8567,Mar,Wed,67,0
2023-03-09,770.918,6.313867481,15.29420539,11431,Mar,Thu,68,1
2023-03-10,781.642,6.368734793,14.87687103,11493,Mar,Fri,69,1
2023-03-11,653.299,5.125592558,13.04012634,9377.332039,Mar,Sat,70,0
2023-03-12,548.316,4.102464267,10,7353,Mar,Sun,71,0
2023-03-13,578.821,4.827350513,8,8723,Mar,Mon,72,0
2023-03-14,711.54,5.949201463,10,10682,Mar,Tue,73,1
2023-03-15,706.818,5.641381677,13,10166,Mar,Wed,74,1
2023-03-16,632.738,5.089064925,12,9307,Mar,Thu,75,0
2023-03-17,754.335,6.339666244,12.94422033,11241,Mar,Fri,76,1
2023-03-18,642.329,5.875174104,18,10634.76967,Mar,Sat,77,1
2023-03-19,533.536,4.378641768,13.0843953,7850,Mar,Sun,78,0
2023-03-20,725.782,5.701650384,14,10199.14527,Mar,Mon,79,1
2023-03-21,619.346,5.603055248,12,10172,Mar,Tue,80,1
2023-03-22,633.335,5.438590897,13.08598089,9826,Mar,Wed,81,0
2023-03-23,739.696,6.1167369,13,10886.00796,Mar,Thu,82,1
2023-03-24,702.038,7.192496342,15,12780,Mar,Fri,83,1
2023-03-25,634.964,5.322407951,10.76643108,9779.720487,Mar,Sat,84,0
2023-03-26,545.839,4.170490562,14,7598,Mar,Sun,85,0
2023-03-27,731.17,5.918577247,13,10648,Mar,Mon,86,1
2023-03-28,704.916,5.62162663,16,10180,Mar,Tue,87,1
2023-03-29,582.11,4.892575255,12,8919,Mar,Wed,88,0
2023-03-30,510.632,4.744225469,15,9450.863582,Mar,Thu,89,0
2023-03-31,694.893,5.785084611,12,10547.05989,Mar,Fri,90,1
2023-04-01,684.188,5.60907271,12.24751282,10147,Apr,Sat,91,1
2023-04-02,653.451,4.882178064,20,8951,Apr,Sun,92,0
2023-04-03,671.836,5.159735623,18,9315,Apr,Mon,93,0
2023-04-04,557.628,4.836798667,10,8806.385856,Apr,Tue,94,0
2023-04-05,693.449,5.515015976,16.06727424,9765.045839,Apr,Wed,95,0
2023-04-06,691.111,5.726622283,9.938010796,9983.365163,Apr,Thu,96,0
2023-04-07,676.584,6.194121467,17.81472828,11016,Apr,Fri,97,1
2023-04-08,601.816,5.220556891,13.93514708,9199,Apr,Sat,98,0
2023-04-09,611.103,5.566369308,15,9031,Apr,Sun,99,0
2023-04-10,657.151,5.563868839,7,9794,Apr,Mon,100,0
2023-04-11,604.453,4.881470678,9,8481,Apr,Tue,101,0
2023-04-12,562.167,4.908457342,9,8673,Apr,Wed,102,0
2023-04-13,629.165,5.331224318,16.1083867,9348,Apr,Thu,103,0
2023-04-14,589.519,5.479593897,10,9633,Apr,Fri,104,0
2023-04-15,586.262,5.119060013,18,8896.084225,Apr,Sat,105,0
2023-04-16,553.811,4.652561895,12,8051,Apr,Sun,106,0
2023-04-17,672.32,5.779523142,10.86162031,10102,Apr,Mon,107,1
2023-04-18,694.561,6.180309883,11,10865.9148,Apr,Tue,108,1
2023-04-19,560.953,4.980464444,12,8758,Apr,Wed,109,0
2023-04-20,595.075,4.902765642,10,8439,Apr,Thu,110,0
2023-04-21,809.83,7.01706689,11,11824.90619,Apr,Fri,111,1
2023-04-22,442.68,4.101337428,10,7302,Apr,Sat,112,0
2023-04-23,545.149,4.352815315,10,7507,Apr,Sun,113,0
2023-04-24,637.809,5.406582446,11,9466.706258,Apr,Mon,114,0
2023-04-25,563.273,4.872481266,10,8713,Apr,Tue,115,0
2023-04-26,579.945,4.533335068,8,7819,Apr,Wed,116,0
2023-04-27,531.458,4.579760981,10.81138065,8073,Apr,Thu,117,0
2023-04-28,830.189,7.62088266,14,13471.02015,Apr,Fri,118,1
2023-04-29,476.103,4.002726705,9.790428416,7205.852732,Apr,Sat,119,0
2023-04-30,535.953,4.964294823,14.53210122,8740,Apr,Sun,120,0
2023-05-01,596.01,5.420121702,12,9675,May,Mon,121,0
2023-05-02,640.774,5.885767117,11,10328,May,Tue,122,1
2023-05-03,598.153,5.333161402,10.24897912,9395,May,Wed,123,0
2023-05-04,615.006,5.792472673,11,10129,May,Thu,124,1
2023-05-05,684.088,6.547579141,15,11371.40166,May,Fri,125,1
2023-05-06,855.19,7.927214758,20,13612,May,Sat,126,1
2023-05-07,424.307,3.068281502,10,5588,May,Sun,127,0
2023-05-08,628.38,5.934201429,12,10560,May,Mon,128,1
2023-05-09,658.653,5.893763809,11,10367,May,Tue,129,1
2023-05-10,493.835,3.677082447,8,6570,May,Wed,130,0
2023-05-11,612.97,5.251727343,9,9307,May,Thu,131,0
2023-05-12,432.501,3.051966246,15,5460.430902,May,Fri,132,0
2023-05-13,792.817,6.618069361,11,11411,May,Sat,133,1
2023-05-14,423.421,3.545687139,7,6333,May,Sun,134,0
2023-05-15,603.862,5.21850142,10,9274,May,Mon,135,0
2023-05-16,505.78,3.089310716,11,5597.05582,May,Tue,136,0
2023-05-17,690,6.128311126,12,10892,May,Wed,137,1
2023-05-18,574.677,5.158354812,11,9157,May,Thu,138,0
2023-05-19,755.886,5.817532698,18.11213399,9962,May,Fri,139,0
2023-05-20,523.7257989,2.490392492,8.966361401,4494.015595,May,Sat,140,0
2023-05-21,492.4602011,4.557812144,18,8459,May,Sun,141,0
2023-05-22,525.302,3.90051258,19.04927583,7049,May,Mon,142,0
2023-05-23,578.709,4.034893555,27,7315.792568,May,Tue,143,0
2023-05-24,337.173,3.340548375,15,6265,May,Wed,144,0
2023-05-25,521.179,3.487666137,20,6257.182037,May,Thu,145,0
2023-05-26,603.396,6.148858145,30,11082.1379,May,Fri,146,1
2023-05-27,474.562,2.742602404,8,4959,May,Sat,147,0
2023-05-28,729.086,6.251044694,8,10732,May,Sun,148,1
2023-05-29,608.582,5.258662292,10,9268.280877,May,Mon,149,0
2023-05-30,487.497,3.824275786,8,6702.616518,May,Tue,150,0
2023-05-31,679.004,6.508791334,14,11583,May,Wed,151,1
2023-06-01,636.482,5.855685256,10.52531762,10368,Jun,Thu,152,1
2023-06-02,506.825,3.964851991,10,6984,Jun,Fri,153,0
2023-06-03,529.16,4.458073923,15.02748125,7980,Jun,Sat,154,0
2023-06-04,781.168,6.217937316,19,10772,Jun,Sun,155,1
2023-06-05,608.704,5.528627153,12,9849,Jun,Mon,156,0
2023-06-06,557.035,4.465768899,14.35233377,7890,Jun,Tue,157,0
2023-06-07,625.826,5.721699807,11,10074,Jun,Wed,158,1
2023-06-08,665.492,6.376274453,7,11349,Jun,Thu,159,1
2023-06-09,619.593,5.530103653,11,9724.774304,Jun,Fri,160,0
2023-06-10,483.087,4.149761858,11,7397.248013,Jun,Sat,161,0
2023-06-11,450.909,3.671869276,13,6538,Jun,Sun,162,0
2023-06-12,616.647,5.56282514,8,9851.877582,Jun,Mon,163,0
2023-06-13,558.954,3.784258335,9,6707,Jun,Tue,164,0
2023-06-14,758.597,7.662142314,10,13405.86155,Jun,Wed,165,1
2023-06-15,589.94,5.309504374,9.006737705,9448,Jun,Thu,166,0
2023-06-16,604.241,5.43065183,9,9351,Jun,Fri,167,0
2023-06-17,587.762,5.262744199,16.23001758,9432,Jun,Sat,168,0
2023-06-18,762.295,6.953806085,13.01189031,11707.6739,Jun,Sun,169,1
2023-06-19,679.212,6.414821628,9,11266.74187,Jun,Mon,170,1
2023-06-20,557.8,4.019055118,9,7049,Jun,Tue,171,0
2023-06-21,520.418,6.544940636,9,12192,Jun,Wed,172,1
2023-06-22,758.566,7.63545588,10,13370,Jun,Thu,173,1
2023-06-23,781.1,5.919447322,9,10021,Jun,Fri,174,1
2023-06-24,479.695,4.041260307,13.03938767,7228.426482,Jun,Sat,175,0
2023-06-25,451.704,2.741779424,7,4989.11307,Jun,Sun,176,0
2023-06-26,709.524,6.691692903,11,11893.44956,Jun,Mon,177,1
2023-06-27,627.511,5.978794609,9,10725.04833,Jun,Tue,178,1
2023-06-28,472.2434387,3.230413926,5,5836,Jun,Wed,179,0
2023-06-29,465.6943858,2.30617727,5,4180.143708,Jun,Thu,180,0
2023-06-30,671.7677473,4.369715333,12,7678.624027,Jun,Fri,181,0
2023-07-01,777.0872512,7.018678922,9.065880572,12689.93933,Jul,Sat,182,1
2023-07-02,753.806781,6.129560979,14,11025.70273,Jul,Sun,183,1
2023-07-03,653.555396,6.494576104,11,11340,Jul,Mon,184,1
2023-07-04,619.552,5.162237566,8,9244,Jul,Tue,185,0
2023-07-05,632.303,5.134302055,11,9186.473961,Jul,Wed,186,0
2023-07-06,614.768,5.825160897,11,10344,Jul,Thu,187,1
2023-07-07,624.195,5.640929353,12,9997,Jul,Fri,188,0
2023-07-08,782.041,7.046105401,13,12036.1584,Jul,Sat,189,1
2023-07-09,437.102,3.711048264,10,6591.363305,Jul,Sun,190,0
2023-07-10,595.056,5.03376051,8,8822,Jul,Mon,191,0
2023-07-11,629.487,5.719688218,14,10137.31481,Jul,Tue,192,1
2023-07-12,633.279,4.179493583,8,7448,Jul,Wed,193,0
2023-07-13,1017.929507,11.78405232,9,20932,Jul,Thu,194,1
2023-07-14,346.0180276,4.005484055,6.584265196,7689,Jul,Fri,195,0
2023-07-15,2291.493466,17.99479264,193,32589.13486,Jul,Sat,196,1
2023-07-16,528.384,4.264742017,2,7692.559139,Jul,Sun,197,0
2023-07-17,423.055,3.361865271,8,6229.820581,Jul,Mon,198,0
2023-07-18,1373.901907,10.55326706,118,18856,Jul,Tue,199,1
2023-07-19,634.320093,5.604820061,14,9952,Jul,Wed,200,0
2023-07-20,707.282,6.589200619,12,11769.68268,Jul,Thu,201,1
2023-07-21,450.03,3.953930852,6,7127,Jul,Fri,202,0
2023-07-22,468.394,3.126124794,5,5774.528281,Jul,Sat,203,0
2023-07-23,499.141,3.968846607,10,7160.108207,Jul,Sun,204,0
2023-07-24,726.898,6.378917017,14,11299,Jul,Mon,205,1
2023-07-25,471.594,3.037368489,9.089637462,5415,Jul,Tue,206,0
2023-07-26,623.863,5.455704132,7,9640,Jul,Wed,207,0
2023-07-27,629.298,5.583797412,11,9873,Jul,Thu,208,0
2023-07-28,555.171,4.543427809,10.90955799,8052.330252,Jul,Fri,209,0
2023-07-29,476.93,4.603720991,14.51470739,8518.99619,Jul,Sat,210,0
2023-07-30,774.186,7.221154078,9,12329,Jul,Sun,211,1
2023-07-31,566.087,4.931759407,7,8772,Jul,Mon,212,0
2023-08-01,517.938,4.159381133,9,7311,Aug,Tue,213,0
2023-08-02,943.144,9.209388106,8,14950,Aug,Wed,214,1
2023-08-03,929.491,8.963851355,9,14863,Aug,Thu,215,1
2023-08-04,858.668,7.908193016,12,13432,Aug,Fri,216,1
2023-08-05,448.492,3.746467998,10,6813,Aug,Sat,217,0
2023-08-06,687.37,5.917673001,9,10186,Aug,Sun,218,1
2023-08-07,786.122,6.698192087,7,10612,Aug,Mon,219,1
2023-08-08,943.277,9.087951466,10,14842.56493,Aug,Tue,220,1
2023-08-09,998.227,10.02736528,10,16718.12977,Aug,Wed,221,1
2023-08-10,540.093,4.547450803,8,8100.875936,Aug,Thu,222,0
2023-08-11,680.407,4.416005058,54,7818,Aug,Fri,223,0
2023-08-12,928.852,8.67861915,21,14256.47236,Aug,Sat,224,1
2023-08-13,723.146,6.439118415,10,10953.40862,Aug,Sun,225,1
2023-08-14,913.412,8.647489441,10,14051.48753,Aug,Mon,226,1
2023-08-15,721.822,6.505922807,8,10245.98296,Aug,Tue,227,1
